Company Name;Station Name;Fuel;Type;Installed Capacity (MW);Year of commission or year generation began;"Location:
Scotland, Wales, Northern Ireland or English region";Footnotes
AES;Kilroot;Coal;Conventional Steam;559;1981;Northern Ireland;
AES;Ballylumford B GT1 & GT2;Diesel/gas oil;OCGT;116;1974;Northern Ireland;
AES;Kilroot GT;Diesel/gas oil;OCGT;143.2;1981;Northern Ireland;
AES;Ballylumford C;Natural gas;CCGT;616;2003;Northern Ireland;
Anesco;Abergelli;Solar;Solar;7.7;2015;Wales;
Anesco;Anglesey ;Solar;Solar;14.9;2014;Wales;
Anesco;Ashton;Solar;Solar;4.8;2017;South West;
Anesco;Askern;Solar;Solar;5;2015;Yorkshire and Humber;
Anesco;Beeches;Solar;Solar;5;2016;West Midlands;
Anesco;Berry Court;Solar;Solar;3.9;2016;South East;
Anesco;Bilsthorpe ;Solar;Solar;5.7;2014;East Midlands;
Anesco;Blackdown ;Solar;Solar;7.5;2014;South West;
Anesco;Blackwell;Solar;Solar;5;2017;West Midlands;
Anesco;Blue House;Solar;Solar;5;2016;North East;
Anesco;Bourne Park ;Solar;Solar;0.2;2012;South West;
Anesco;Bourne Park 2 ;Solar;Solar;2.4;2015;South West;
Anesco;Bristol Water;Solar;Solar;1.1;2017;South West;
Anesco;Brook hall ;Solar;Solar;4.7;2016;South West;
Anesco;Brookbarn;Solar;Solar;3.6;2015;South East;
Anesco;Brookside ;Solar;Solar;5;2016;West Midlands;
Anesco;Bulls Head North;Solar;Solar;5.5;2014;East Midlands;
Anesco;Bumpers Farm;Solar;Solar;5;2017;South East;
Anesco;Cotgrave;Solar;Solar;5;2015;East Midlands;
Anesco;Culworth ;Solar;Solar;3.6;2015;East Midlands;
Anesco;East Appleton;Solar;Solar;5;2016;Yorkshire and Humber;
Anesco;East Farm ;Solar;Solar;6.8;2013;South West;
Anesco;Fell View ;Solar;Solar;4.3;2016;North West;
Anesco;Gedling;Solar;Solar;5.7;2015;East Midlands;
Anesco;Grange Farm ;Solar;Solar;5.8;2013;South West;
Anesco;Grimsargh ;Solar;Solar;2.9;2016;North West;
Anesco;Hale;Solar;Solar;3.6;2015;South West;
Anesco;Hermitage ;Solar;Solar;5;2016;East England;
Anesco;Higher Bye;Solar;Solar;6.8;2015;South West;
Anesco;Homestead;Solar;Solar;4;2015;South East;
Anesco;Hungerford ;Solar;Solar;4.5;2016;South East;
Anesco;Huntingdon ;Solar;Solar;10.2;2014;East England;
Anesco;Hyde Farm;Solar;Solar;4.9;2017;South East;
Anesco;Lee Moor;Solar;Solar;5;2016;South West;
Anesco;Limberlost ;Solar;Solar;1.6;2013;South East;
Anesco;Lodge Farm;Solar;Solar;4.9;2015;East Midlands;
Anesco;Low Burntoft ;Solar;Solar;5;2016;North East;
Anesco;Lucern;Solar;Solar;4.7;2016;West Midlands;
Anesco;Mendip ;Solar;Solar;7.2;2014;South West;
Anesco;Moss Thorn;Solar;Solar;5;2017;North West;
Anesco;Nanthenfoel;Solar;Solar;5;2017;Wales;
Anesco;New Kaine;Solar;Solar;1.8;2015;South East;
Anesco;Newnton Dairy ;Solar;Solar;7.2;2014;South West;
Anesco;Oak Cottage;Solar;Solar;4.9;2015;Wales;
Anesco;Oakham;Solar;Solar;4.6;2016;South West;
Anesco;Ollerton;Solar;Solar;4.2;2017;East Midlands;
Anesco;Owls Lodge ;Solar;Solar;10;2013;South East;
Anesco;Oxcroft;Solar;Solar;4.2;2016;East Midlands;
Anesco;Palmersford;Solar;Solar;3;2016;South West;
Anesco;Pen-Y-Cae;Solar;Solar;6.8;2015;Wales;
Anesco;Pierces Farm;Solar;Solar;1.7;2015;South East;
Anesco;Playters;Solar;Solar;6.6;2015;East England;
Anesco;Portworthy;Solar;Solar;4;2015;South West;
Anesco;Puriton;Solar;Solar;4.6;2011;South West;
Anesco;Radcliffe;Solar;Solar;4.2;2015;East Midlands;
Anesco;Rainbow ;Solar;Solar;4.8;2015;South West;
Anesco;Salcey Farm ;Solar;Solar;5.5;2014;South East;
Anesco;Sandys Moor ;Solar;Solar;2.9;2013;South West;
Anesco;Saron;Solar;Solar;6.3;2015;Wales;
Anesco;Shalfleet;Solar;Solar;5;2015;South East;
Anesco;Sheep Shed ;Solar;Solar;5;2016;West Midlands;
Anesco;Shelswell ;Solar;Solar;5.1;2013;South East;
Anesco;Skegness ;Solar;Solar;10.7;2016;East Midlands;
Anesco;Skylark;Solar;Solar;4.9;2013;East England;
Anesco;Slepe Farm ;Solar;Solar;0.5;2011;South West;
Anesco;Spring Lane;Solar;Solar;1;2017;East Midlands;
Anesco;Stables;Solar;Solar;2;2014;East Midlands;
Anesco;Steventon ;Solar;Solar;10;2014;South East;
Anesco;Stripe;Solar;Solar;5;2016;Yorkshire and Humber;
Anesco;Stud Farm ;Solar;Solar;2.4;2016;East Midlands;
Anesco;The Leys;Solar;Solar;5;2016;West Midlands;
Anesco;The Oaks;Solar;Solar;4.7;2016;West Midlands;
Anesco;The Rushes ;Solar;Solar;5;2016;West Midlands;
Anesco;Tope Farm;Solar;Solar;3.3;2014;South West;
Anesco;Trickey Warren;Solar;Solar;4.6;2015;South West;
Anesco;Warren ;Solar;Solar;5;2016;South East;
Anesco;Welbeck ;Solar;Solar;11.3;2014;East Midlands;
Anesco;Whitchurch;Solar;Solar;6.5;2014;South West;
Anesco;Woodtown;Solar;Solar;2.7;2015;South West;
Anesco;Wymeswold ;Solar;Solar;2.1;2016;East Midlands;
Anesco;Wymeswold - Wide Lane;Solar;Solar;4.3;2016;East Midlands;
Anesco;Yarburgh;Solar;Solar;8.1;2015;East Midlands;
BayWa R.E;Beinneun;Wind (onshore);Wind (onshore);108.8;2017;Scotland;
BayWa R.E;Cour;Wind (onshore);Wind (onshore);20.5;2017;Scotland;
BayWa R.E;Grange;Wind (onshore);Wind (onshore);12.3;2016;Yorkshire and Humber;
BayWa R.E;Hillhead of Auquhirie;Wind (onshore);Wind (onshore);6.9;2013;Scotland;
British Solar Renewables;Bradenstoke;Solar;Solar;69.8;2015;South West;
British Solar Renewables;Butleigh;Solar;Solar;5;2011;South West;
British Solar Renewables;Copley Wood;Solar;Solar;1.5;2015;South West;
British Solar Renewables;Higher Hill;Solar;Solar;5;2011;South West;
British Solar Renewables;Long Ash Lane;Solar;Solar;5;2017;South West;
Calon Energy;Baglan Bay GT;Diesel/gas oil;OCGT;32.3;2002;Wales;
Calon Energy;Baglan Bay;Natural gas;CCGT;520;2002;Wales;
Calon Energy;Severn Power;Natural gas;CCGT;850;2010;Wales;
Calon Energy;Sutton Bridge;Natural gas;CCGT;819;1999;East Midlands;
Centrica;Glanford Brigg;Natural gas;OCGT;99;1994;Yorkshire and Humber;-2
Centrica;Peterborough;Natural gas;OCGT;245;1993;East England;-2
Cubico Sustainable Investments;Bake Farm;Solar;Solar;5;2015;South West;
Cubico Sustainable Investments;Barton Close;Solar;Solar;4.6;2015;South West;
Cubico Sustainable Investments;Broxted;Solar;Solar;31.6;2013;East England;
Cubico Sustainable Investments;Grantham;Solar;Solar;4.9;2015;East Midlands;
Cubico Sustainable Investments;Guynd;Solar;Solar;5;2015;Scotland;
Cubico Sustainable Investments;Hadlow;Solar;Solar;18.9;2015;South East;
Cubico Sustainable Investments;Kinblethmont;Solar;Solar;5;2016;Scotland;
Cubico Sustainable Investments;Newlands Farm;Solar;Solar;5;2015;South West;
Cubico Sustainable Investments;Overton;Solar;Solar;3.8;2015;South East;
Cubico Sustainable Investments;Owl's Hatch;Solar;Solar;51.9;2015;South East;
Cubico Sustainable Investments;Southfield;Solar;Solar;9.8;2016;South West;
Cubico Sustainable Investments;Wisbech;Solar;Solar;3.4;2015;East England;
Drax Power;Drax - biomass units;Biomass (wood pellets, sunflower/oat husk pellets);Conventional Steam;2,640.00;2013;Yorkshire and Humber;
Drax Power;Drax - coal units;Coal;Conventional Steam;1,320.00;1974;Yorkshire and Humber;
Drax Power;Drax GT;Diesel/gas oil;OCGT;75;1971;Yorkshire and Humber;
Drax Power;Bonnington;Hydro;Hydro;11;1927;Scotland;-4
Drax Power;Carsfad;Hydro;Hydro;12;1935;Scotland;-4
Drax Power;Drumjohn;Hydro;Hydro;1;1935;Scotland;-4
Drax Power;Earlstoun;Hydro;Hydro;14;1935;Scotland;-4
Drax Power;Glenlee;Hydro;Hydro;24;1935;Scotland;-4
Drax Power;Kendoon;Hydro;Hydro;24;1935;Scotland;-4
Drax Power;Stonebyres;Hydro;Hydro;6;1927;Scotland;-4
Drax Power;Tongland;Hydro;Hydro;33;1935;Scotland;-4
Drax Power;Blackburn;Natural gas;CCGT;60;2011;North West;-4
Drax Power;Damhead Creek;Natural gas;CCGT;805;2000;South East;-4
Drax Power;Rye House;Natural gas;CCGT;715;1993;East England;-4
Drax Power;Shoreham;Natural gas;CCGT;420;2000;South East;-4
Drax Power;Cruachan;Pumped Storage;Pumped Storage;440;1965;Scotland;-4
E.On UK;Blackburn Meadows *;Biomass (woodchip);Conventional Steam;34;2015;Yorkshire and Humber;
E.On UK;Steven's Croft *;Biomass (woodchip);Conventional Steam;46;2007;Scotland;
E.On UK;Castleford;Natural gas;CCGT;56;2002;Yorkshire and Humber;
E.On UK;Sandbach;Natural gas;CCGT;56;1999;North West;
E.On UK;Thornhill;Natural gas;CCGT;50;1998;Yorkshire and Humber;
E.ON UK;Humber Gateway;Wind (offshore);Wind (offshore);219;2015;Yorkshire and Humber;
E.ON UK;London Array;Wind (offshore);Wind (offshore);630;2013;South East;
E.ON UK;Rampion;Wind (offshore);Wind (offshore);400;2018;South East;
E.ON UK;Robin Rigg East;Wind (offshore);Wind (offshore);90;2010;Scotland;
E.ON UK;Robin Rigg West;Wind (offshore);Wind (offshore);90;2010;Scotland;
E.ON UK;Scroby Sands;Wind (offshore);Wind (offshore);60;2004;East England;
E.ON UK;Bowbeat (Emly Bank);Wind (onshore);Wind (onshore);15.6;2002;Scotland;
E.ON UK;Bowbeat (Roughside) ;Wind (onshore);Wind (onshore);15.6;2002;Scotland;
E.ON UK;Butterwick Moor Circuit 1;Wind (onshore);Wind (onshore);10.3;2011;North East;
E.ON UK;Butterwick Moor Circuit 2;Wind (onshore);Wind (onshore);10.3;2011;North East;
E.ON UK;Camster;Wind (onshore);Wind (onshore);50;2013;Scotland;
E.ON UK;Deucheran Hill;Wind (onshore);Wind (onshore);15.8;2001;Scotland;
E.ON UK;Great Eppleton;Wind (onshore);Wind (onshore);4.1;1997;North East;
E.ON UK;Great Eppleton RO;Wind (onshore);Wind (onshore);4.1;2010;North East;
E.ON UK;Hare Hill;Wind (onshore);Wind (onshore);3;2000;North East;
E.ON UK;Hare Hill RO;Wind (onshore);Wind (onshore);2.8;2004;North East;
E.ON UK;Haswell Moor Circuit 1;Wind (onshore);Wind (onshore);5.1;2010;North East;
E.ON UK;Haswell Moor Circuit 2;Wind (onshore);Wind (onshore);5.1;2010;North East;
E.ON UK;High Volts;Wind (onshore);Wind (onshore);5.5;2004;North East;
E.ON UK;High Volts RO;Wind (onshore);Wind (onshore);2.8;2004;North East;
E.ON UK;Holmside;Wind (onshore);Wind (onshore);2.8;2004;North East;
E.ON UK;Holmside RO;Wind (onshore);Wind (onshore);2.8;2004;North East;
E.ON UK;Out Newton;Wind (onshore);Wind (onshore);9.1;2002;Yorkshire and Humber;
E.ON UK;Ovenden Moor;Wind (onshore);Wind (onshore);18;1993;Yorkshire and Humber;
E.ON UK;Rhyd y Groes;Wind (onshore);Wind (onshore);7;1992;Wales;
E.ON UK;Rosehall;Wind (onshore);Wind (onshore);25;2013;Scotland;
E.ON UK;Royd Moor;Wind (onshore);Wind (onshore);7;1993;Yorkshire and Humber;
E.ON UK;Stags Holt;Wind (onshore);Wind (onshore);20;2007;East England;
E.ON UK;Tween Bridge;Wind (onshore);Wind (onshore);44;2012;Yorkshire and Humber;
Ecotricity;Fen Farm;Solar;Solar;0.9;2011;East Midlands;
Ecotricity;Alveston;Wind (onshore);Wind (onshore);6.9;2017;South West;
Ecotricity;Ballymena;Wind (onshore);Wind (onshore);4.6;2013;Northern Ireland;
Ecotricity;Bambers;Wind (onshore);Wind (onshore);9.6;2004;East Midlands;
Ecotricity;Bristol Port;Wind (onshore);Wind (onshore);6;2007;South West;
Ecotricity;Cardiff;Wind (onshore);Wind (onshore);2.3;2011;Wales;
Ecotricity;Dagenham;Wind (onshore);Wind (onshore);5.9;2004;London;
Ecotricity;Dalby;Wind (onshore);Wind (onshore);7.3;2016;East Midlands;
Ecotricity;Dundee;Wind (onshore);Wind (onshore);4;2006;Scotland;
Ecotricity;East Kilbride;Wind (onshore);Wind (onshore);0.6;2001;Scotland;
Ecotricity;Ecotech;Wind (onshore);Wind (onshore);1.5;1999;East England;
Ecotricity;Fen Farm;Wind (onshore);Wind (onshore);16;2007;East Midlands;
Ecotricity;Galsworthy;Wind (onshore);Wind (onshore);9.2;2014;South West;
Ecotricity;Green Park;Wind (onshore);Wind (onshore);2;2005;South East;
Ecotricity;H&H;Wind (onshore);Wind (onshore);0.8;2016;Yorkshire and Humber;
Ecotricity;Lynch Knoll;Wind (onshore);Wind (onshore);0.5;1996;South West;
Ecotricity;Mablethorpe;Wind (onshore);Wind (onshore);1.2;2002;East Midlands;
Ecotricity;QEH;Wind (onshore);Wind (onshore);0.8;2016;East England;
Ecotricity;RSPB;Wind (onshore);Wind (onshore);0.8;2016;East England;
Ecotricity;Shooters;Wind (onshore);Wind (onshore);2;2008;South West;
Ecotricity;Somerton;Wind (onshore);Wind (onshore);1.8;2000;East England;
Ecotricity;Swaffham II;Wind (onshore);Wind (onshore);1.8;2003;East England;
Ecotricity;Worksop;Wind (onshore);Wind (onshore);2;2009;East Midlands;
EDF Energy;Cottam;Coal;Conventional Steam;2,000.00;1969;East Midlands;
EDF Energy;West Burton;Coal;Conventional Steam;2,000.00;1969;East Midlands;
EDF Energy;West Burton GT;Diesel/gas oil;OCGT;40;1967;East Midlands;
EDF Energy;Barkantine Heat & Power *;Natural Gas;OCGT;1;2000;London;
EDF Energy;London Heat & Power *;Natural Gas;OCGT;9;2000;London;
EDF Energy;West Burton CCGT;Natural gas;CCGT;1,332.00;2013;East Midlands;
EDF Energy;Dungeness B;Nuclear;AGR;1,120.00;1983;South East;
EDF Energy;Hartlepool;Nuclear;AGR;1,207.00;1983;North East;
EDF Energy;Heysham 1;Nuclear;AGR;1,179.00;1983;North West;
EDF Energy;Heysham 2;Nuclear;AGR;1,254.00;1988;North West;
EDF Energy;Hinkley Point B;Nuclear;AGR;1,061.00;1976;South West;
EDF Energy;Hunterston B;Nuclear;AGR;1,020.00;1976;Scotland;
EDF Energy;Sizewell B;Nuclear;PWR;1,223.00;1995;East England;
EDF Energy;Torness;Nuclear;AGR;1,250.00;1988;Scotland;
EDF Energy;Blyth;Wind (offshore);Wind (offshore);40;2018;North East;
EDF Energy;Teesside;Wind (offshore);Wind (offshore);62;2013;North East;
EDF Energy;Barmoor;Wind (onshore);Wind (onshore);12;2014;North East;
EDF Energy;Beckburn;Wind (onshore);Wind (onshore);31.1;2017;North West;
EDF Energy;Bicker Fen;Wind (onshore);Wind (onshore);26;2008;East Midlands;
EDF Energy;Boundary Lane;Wind (onshore);Wind (onshore);6.2;2013;North East;
EDF Energy;Broomhill;Wind (onshore);Wind (onshore);8;2009;North East;
EDF Energy;Burnfoot;Wind (onshore);Wind (onshore);30.1;2010;Scotland;
EDF Energy;Burnhead Moss;Wind (onshore);Wind (onshore);26;2016;Scotland;
EDF Energy;Cemmaes;Wind (onshore);Wind (onshore);15.3;2002;Wales;
EDF Energy;Corriemoillie;Wind (onshore);Wind (onshore);48.5;2017;Scotland;
EDF Energy;Deeping;Wind (onshore);Wind (onshore);16;2006;East Midlands;
EDF Energy;Dorenell;Wind (onshore);Wind (onshore);177;2019;Scotland;
EDF Energy;Fairfield;Wind (onshore);Wind (onshore);6.5;2011;North West;
EDF Energy;Fallago Rig;Wind (onshore);Wind (onshore);144;2013;Scotland;
EDF Energy;Glass Moor;Wind (onshore);Wind (onshore);16;2006;East England;
EDF Energy;Glass Moor II;Wind (onshore);Wind (onshore);12.3;2013;East England;
EDF Energy;Great Orton;Wind (onshore);Wind (onshore);4;1999;North West;
EDF Energy;Green Rigg;Wind (onshore);Wind (onshore);36;2012;North East;
EDF Energy;High Hedley I;Wind (onshore);Wind (onshore);2.4;2001;North East;
EDF Energy;High Hedley II;Wind (onshore);Wind (onshore);5.2;2008;North East;
EDF Energy;Kirkheaton;Wind (onshore);Wind (onshore);1.8;2000;North East;
EDF Energy;Langley;Wind (onshore);Wind (onshore);8;2008;North East;
EDF Energy;Llangwyryfon;Wind (onshore);Wind (onshore);9.4;2003;Wales;
EDF Energy;Longpark;Wind (onshore);Wind (onshore);38;2009;Scotland;
EDF Energy;Park Spring;Wind (onshore);Wind (onshore);8.6;2015;Yorkshire and Humber;
EDF Energy;Pearie Law;Wind (onshore);Wind (onshore);19.2;2016;Scotland;
EDF Energy;Red House;Wind (onshore);Wind (onshore);12;2006;East Midlands;
EDF Energy;Red Tile;Wind (onshore);Wind (onshore);24;2007;East England;
EDF Energy;Rhodders ;Wind (onshore);Wind (onshore);12.3;2016;Scotland;
EDF Energy;Roade;Wind (onshore);Wind (onshore);7.2;2014;East Midlands;
EDF Energy;Rusholme;Wind (onshore);Wind (onshore);24;2010;Yorkshire and Humber;
EDF Energy;Trimdon;Wind (onshore);Wind (onshore);5.2;2008;North East;
EDF Energy;Walkway;Wind (onshore);Wind (onshore);14;2008;North East;
EDF Energy;Winscales I;Wind (onshore);Wind (onshore);2;1999;North West;
EDF Energy;Winscales II;Wind (onshore);Wind (onshore);6.8;2004;North West;
Eneco Wind UK;Oaklands;Solar;Solar;5;2015;South West;
Eneco Wind UK;Burn of Whilk;Wind (onshore);Wind (onshore);22.5;2015;Scotland;
Eneco Wind UK;Lochluichart;Wind (onshore);Wind (onshore);69;2013;Scotland;
Eneco Wind UK;Moy;Wind (onshore);Wind (onshore);60;2016;Scotland;
Eneco Wind UK;Tullo;Wind (onshore);Wind (onshore);17.5;2010;Scotland;
Eneco Wind UK;Twinshiels;Wind (onshore);Wind (onshore);25;2014;Scotland;
Energy Capital Partners;Indian Queens;Diesel/gas oil;OCGT;140;1996;South West;
Energy Capital Partners;Saltend *;Natural gas;CCGT;1,200.00;2000;Yorkshire and Humber;
Engie Power;Dinorwig;Pumped Storage;Pumped Storage;1,800.00;1984;Wales;
Engie Power;Ffestiniog;Pumped Storage;Pumped Storage;360;1963;Wales;
Engie Power;Capel Grange;Solar;Solar;5;2016;South East;
Engie Power;Barlockhart Moor;Wind (onshore);Wind (onshore);10.5;2013;Scotland;
Engie Power;Blantyre Muir;Wind (onshore);Wind (onshore);13.2;2014;Scotland;
Engie Power;Cairnborrow;Wind (onshore);Wind (onshore);10;2017;Scotland;
Engie Power;Carsington;Wind (onshore);Wind (onshore);10;2014;East Midlands;
Engie Power;Craigengelt (Scotia Wind);Wind (onshore);Wind (onshore);24;2010;Scotland;
Engie Power;Crimp;Wind (onshore);Wind (onshore);2.7;2011;South West;
Engie Power;Flimby;Wind (onshore);Wind (onshore);7.5;2013;North West;
Engie Power;Sober Hill;Wind (onshore);Wind (onshore);12.3;2013;Yorkshire and Humber;
EPR;Thetford;Biomass (litter, woodchip);Conventional Steam;41.5;1998;East England;
EPR;Glanford;Biomass (meat and bone meal);Conventional Steam;16.7;1993;Yorkshire and Humber;
EPR;Westfield;Biomass (poultry litter, waste wood);Conventional Steam;12.5;2000;Scotland;
EPR;Eye Suffolk;Biomass (poultry litter, woodchip);Conventional Steam;14.3;1992;East England;
EPR;Ely;Biomass (straw);Conventional Steam;40;2001;East England;
EPUKi;Lynemouth;Biomass (wood pellets);Conventional Steam;420;2018;North East;-5
EPUKi;Langage;Natural gas;CCGT;905;2010;South West;
EPUKi;South Humber Bank;Natural gas;CCGT;1,365.00;1997;Yorkshire and Humber;
ESB;Coolkeeragh GT;Diesel/gas oil;OCGT;53;1970;Northern Ireland;
ESB;Carrington;Natural gas;CCGT;910;2016;North West;
ESB;Coolkeeragh;Natural gas;CCGT;413;2004;Northern Ireland;
ESB;Corby;Natural gas;CCGT;407;1994;East Midlands;
Falck Renewables;Assel Valley;Wind (onshore);Wind (onshore);25;2016;Scotland;
Falck Renewables;Auchrobert;Wind (onshore);Wind (onshore);36;2017;Scotland;
Falck Renewables;Ben Aketil;Wind (onshore);Wind (onshore);27.6;2007;Scotland;
Falck Renewables;Boyndie;Wind (onshore);Wind (onshore);16.3;2006;Scotland;
Falck Renewables;Cambrian;Wind (onshore);Wind (onshore);58.5;2005;Wales;
Falck Renewables;Earlsburn;Wind (onshore);Wind (onshore);35;2007;Scotland;
Falck Renewables;Kilbraur;Wind (onshore);Wind (onshore);67.5;2008;Scotland;
Falck Renewables;Kingsburn;Wind (onshore);Wind (onshore);22.5;2016;Scotland;
Falck Renewables;Millennium;Wind (onshore);Wind (onshore);65;2008;Scotland;
Falck Renewables;Nutberry;Wind (onshore);Wind (onshore);15;2013;Scotland;
Falck Renewables;Spaldington;Wind (onshore);Wind (onshore);11.8;2016;Yorkshire and Humber;
Falck Renewables;West Browncastle;Wind (onshore);Wind (onshore);30;2014;Scotland;
Fellside Heat and Power;Fellside CHP *;Natural gas;CCGT;155;1995;North West;
Ferrybridge Mulitfuel Energy;Ferrybridge Multi-fuel;Waste (municipal solid waste);Conventional Steam;80;2015;Yorkshire and Humber;
Foresight Group;Shotwick;Solar;Solar;72.2;2016;Wales;
Fred Olsen Renewables;Brockloch Rig ;Wind (onshore);Wind (onshore);61.5;2017;Scotland;
Fred Olsen Renewables;Brockloch Rig 1;Wind (onshore);Wind (onshore);21.6;1996;Scotland;
Fred Olsen Renewables;Crystal Rig;Wind (onshore);Wind (onshore);62.5;2003;Scotland;
Fred Olsen Renewables;Crystal Rig II;Wind (onshore);Wind (onshore);138;2003;Scotland;
Fred Olsen Renewables;Crystal Rig III;Wind (onshore);Wind (onshore);13.8;2016;Scotland;
Fred Olsen Renewables;Mid Hill;Wind (onshore);Wind (onshore);75.9;2013;Scotland;
Fred Olsen Renewables;Pauls Hill;Wind (onshore);Wind (onshore);64.4;2005;Scotland;
Fred Olsen Renewables;Rothes;Wind (onshore);Wind (onshore);50.6;2004;Scotland;
Fred Olsen Renewables;Rothes II;Wind (onshore);Wind (onshore);41.4;2013;Scotland;
Greencoat Capital;Ainderby;Solar;Solar;5;2017;Yorkshire and Humber;
Greencoat Capital;Arna Wood;Solar;Solar;5;2017;North West;
Greencoat Capital;Ashby;Solar;Solar;4.8;2016;East Midlands;
Greencoat Capital;Bann Road;Solar;Solar;45.8;2017;Northern Ireland;
Greencoat Capital;Bedborough;Solar;Solar;5;2015;South West;
Greencoat Capital;Belper;Solar;Solar;5;2017;East Midlands;
Greencoat Capital;Bent Spur;Solar;Solar;5;2016;North West;
Greencoat Capital;Berthllwyd;Solar;Solar;5;2017;Wales;
Greencoat Capital;Bilsborrow;Solar;Solar;5;2017;North West;
Greencoat Capital;Bobbing;Solar;Solar;11.6;2016;South East;
Greencoat Capital;Bodwen;Solar;Solar;5;2017;South West;
Greencoat Capital;Brent Broad;Solar;Solar;3.8;2017;South West;
Greencoat Capital;Bryn Bachau;Solar;Solar;4.6;2016;Wales;
Greencoat Capital;Carmarthen;Solar;Solar;4.7;2017;Wales;
Greencoat Capital;Carnemough;Solar;Solar;10.1;2016;South West;
Greencoat Capital;Carver Hey;Solar;Solar;2.5;2017;North West;
Greencoat Capital;Chatteris;Solar;Solar;4.3;2016;East England;
Greencoat Capital;Christchurch;Solar;Solar;17.9;2015;South West;
Greencoat Capital;Clay Cross;Solar;Solar;5;2017;North West;
Greencoat Capital;Cockett Valley;Solar;Solar;5;2017;Wales;
Greencoat Capital;Coltishall 1;Solar;Solar;33.7;2015;East England;
Greencoat Capital;Coltishall 2.1;Solar;Solar;4.8;2016;East England;
Greencoat Capital;Coltishall 2.2;Solar;Solar;4.9;2016;East England;
Greencoat Capital;Coltishall 2.3;Solar;Solar;5;2016;East England;
Greencoat Capital;Coltishall 2.4;Solar;Solar;3.7;2016;East England;
Greencoat Capital;Common Farm;Solar;Solar;3.4;2017;South West;
Greencoat Capital;Coombe;Solar;Solar;7.3;2015;South West;
Greencoat Capital;Ebnal Lodge;Solar;Solar;5;2017;West Midlands;
Greencoat Capital;EPG Netley;Solar;Solar;5;2017;South East;
Greencoat Capital;Errol;Solar;Solar;13;2016;Scotland;
Greencoat Capital;Eveley;Solar;Solar;49.3;2016;South East;
Greencoat Capital;Fanny House;Solar;Solar;4.9;2015;North West;
Greencoat Capital;Ferry Farm;Solar;Solar;4.9;2015;South East;
Greencoat Capital;Henley;Solar;Solar;5;2017;West Midlands;
Greencoat Capital;Hoplass;Solar;Solar;10.3;2015;Wales;
Greencoat Capital;Hunger Hill;Solar;Solar;5;2017;North East;
Greencoat Capital;Huntspill;Solar;Solar;5;2016;South West;
Greencoat Capital;Islip;Solar;Solar;5;2012;East Midlands;
Greencoat Capital;Lagness;Solar;Solar;4.8;2016;South East;
Greencoat Capital;Long Meadow;Solar;Solar;4.1;2015;South East;
Greencoat Capital;Lower House;Solar;Solar;8.2;2016;Wales;
Greencoat Capital;Manor Farm;Solar;Solar;4.9;2016;South East;
Greencoat Capital;Margate;Solar;Solar;3.4;2015;South West;
Greencoat Capital;Merston;Solar;Solar;5;2016;South East;
Greencoat Capital;Moat Farm;Solar;Solar;4.6;2015;East Midlands;
Greencoat Capital;Pantymoch;Solar;Solar;5;2016;Wales;
Greencoat Capital;Pantymoch CIC;Solar;Solar;4.9;2016;Wales;
Greencoat Capital;Potters Bar;Solar;Solar;5;2017;East England;
Greencoat Capital;Ramsey Airfield;Solar;Solar;5;2016;East England;
Greencoat Capital;Ramsey Heights;Solar;Solar;5;2016;East England;
Greencoat Capital;Redbridge;Solar;Solar;6.5;2013;South West;
Greencoat Capital;Royston ;Solar;Solar;5;2016;East England;
Greencoat Capital;Royston CIC;Solar;Solar;4.9;2016;East England;
Greencoat Capital;Sandhutton;Solar;Solar;5;2017;Yorkshire and Humber;
Greencoat Capital;Sea View ;Solar;Solar;1.9;2016;Wales;
Greencoat Capital;Sellindge;Solar;Solar;11.2;2016;South East;
Greencoat Capital;Severn Beach;Solar;Solar;3.9;2016;South West;
Greencoat Capital;Slade Farm;Solar;Solar;4.1;2015;South West;
Greencoat Capital;Snettisham;Solar;Solar;2.7;2017;East England;
Greencoat Capital;Springhill;Solar;Solar;4.9;2013;South West;
Greencoat Capital;Stonebarrow;Solar;Solar;7.5;2014;South West;
Greencoat Capital;Sudbrook;Solar;Solar;5;2016;Wales;
Greencoat Capital;Thirty Acres;Solar;Solar;3.8;2016;East Midlands;
Greencoat Capital;Upper Meadowley;Solar;Solar;4.9;2017;West Midlands;
Greencoat Capital;West Carclaze;Solar;Solar;5;2017;South West;
Greencoat Capital;West Strathore;Solar;Solar;5;2017;Scotland;
Greencoat Capital;Westover;Solar;Solar;7;2014;South East;
Greencoat Capital;Wick Road;Solar;Solar;4.7;2016;South West;
Greencoat Capital;Wick Road CIC;Solar;Solar;2.2;2016;South West;
Greencoat Capital;Wilsom Farm;Solar;Solar;4;2016;South East;
Greencoat Capital;Wilton;Solar;Solar;9.5;2015;South West;
Greencoat Capital;Wrangle Farm;Solar;Solar;10.8;2014;East Midlands;
Greencoat Capital;Wraysbury;Solar;Solar;3;2017;South East;
Greencoat Capital;Bin Mountain ;Wind (onshore);Wind (onshore);9;2007;Northern Ireland;
Greencoat Capital;Bishopthorpe;Wind (onshore);Wind (onshore);16.4;2017;East Midlands;
Greencoat Capital;Bogenlea;Wind (onshore);Wind (onshore);2.3;2014;Scotland;
Greencoat Capital;Braes of Doune;Wind (onshore);Wind (onshore);72;2007;Scotland;
Greencoat Capital;Brockaghboy;Wind (onshore);Wind (onshore);47.5;2017;Northern Ireland;
Greencoat Capital;Carcant;Wind (onshore);Wind (onshore);6;2010;Scotland;
Greencoat Capital;Cotton Farm;Wind (onshore);Wind (onshore);16.4;2013;East England;
Greencoat Capital;Drone Hill;Wind (onshore);Wind (onshore);28.6;2012;Scotland;
Greencoat Capital;Earls Hall Farm;Wind (onshore);Wind (onshore);10.3;2013;East England;
Greencoat Capital;Kildrummy;Wind (onshore);Wind (onshore);18.4;2013;Scotland;
Greencoat Capital;Langhope Rig;Wind (onshore);Wind (onshore);16.4;2013;Scotland;
Greencoat Capital;Maerdy;Wind (onshore);Wind (onshore);24;2013;Wales;
Greencoat Capital;North Rhins;Wind (onshore);Wind (onshore);22;2009;Scotland;
Greencoat Capital;Screggagh;Wind (onshore);Wind (onshore);20;2011;Northern Ireland;
Greencoat Capital;Sixpenny Wood;Wind (onshore);Wind (onshore);20.5;2013;Yorkshire and Humber;
Greencoat Capital;Slieve Divena;Wind (onshore);Wind (onshore);30;2009;Northern Ireland;
Greencoat Capital;Stroupster;Wind (onshore);Wind (onshore);29.9;2015;Scotland;
Greencoat Capital;Tappaghan;Wind (onshore);Wind (onshore);28.5;2005;Northern Ireland;
Greencoat Capital;Yelvertoft;Wind (onshore);Wind (onshore);16.4;2013;East Midlands;
Intergen;Coryton;Natural gas;CCGT;800;2002;East England;
Intergen;Rocksavage;Natural gas;CCGT;810;1998;North West;
Intergen;Spalding;Natural gas;CCGT;950;2004;East Midlands;
John Laing Environmental Asset Group;Bilsthorpe ;Wind (onshore);Wind (onshore);10.6;2013;East Midlands;
John Laing Environmental Asset Group;Burton Wold Extention;Wind (onshore);Wind (onshore);14;2014;East Midlands;
John Laing Environmental Asset Group;Carscreugh;Wind (onshore);Wind (onshore);15.3;2014;Scotland;
John Laing Environmental Asset Group;Castle Pill ;Wind (onshore);Wind (onshore);3.3;2004;Wales;
John Laing Environmental Asset Group;Dungavel;Wind (onshore);Wind (onshore);26;2015;Scotland;
John Laing Environmental Asset Group;Ferndale;Wind (onshore);Wind (onshore);10.4;2011;Wales;
John Laing Environmental Asset Group;Hall Farm;Wind (onshore);Wind (onshore);24;2013;Yorkshire and Humber;
John Laing Environmental Asset Group;Llynfi Afan;Wind (onshore);Wind (onshore);25.3;2017;Wales;
John Laing Environmental Asset Group;Moel Moelogan;Wind (onshore);Wind (onshore);11.7;2008;Wales;
John Laing Environmental Asset Group;New Albion;Wind (onshore);Wind (onshore);16.1;2015;East Midlands;
John Laing Environmental Asset Group;Wear Point;Wind (onshore);Wind (onshore);10;2014;Wales;
Lightsource BP;Acrefair;Solar;Solar;5;2015;Wales;
Lightsource BP;Beckton;Solar;Solar;0.5;2016;London;
Lightsource BP;Belfast Road;Solar;Solar;10;2017;Northern Ireland;
Lightsource BP;Benbole;Solar;Solar;1.7;2011;South West;
Lightsource BP;Bentley Estate;Solar;Solar;4.8;2015;South East;
Lightsource BP;Bentley Estate 2;Solar;Solar;5;2016;South East;
Lightsource BP;Binsted;Solar;Solar;5;2016;South East;
Lightsource BP;Blatchworthy;Solar;Solar;1.4;2013;South West;
Lightsource BP;Bodmin;Solar;Solar;5;2012;South West;
Lightsource BP;Bolsovermoor Quarry ;Solar;Solar;5;2017;East Midlands;
Lightsource BP;Brett Martin;Solar;Solar;6.5;2018;Northern Ireland;
Lightsource BP;Brook Farm;Solar;Solar;8.9;2015;South East;
Lightsource BP;Brynteg;Solar;Solar;14.8;2014;Wales;
Lightsource BP;Burnthouse;Solar;Solar;4.8;2014;East England;
Lightsource BP;Burthy;Solar;Solar;13.1;2015;South West;
Lightsource BP;Bury Lane;Solar;Solar;22.2;2014;East England;
Lightsource BP;Castle Combe;Solar;Solar;15.3;2015;South West;
Lightsource BP;Charity Farm;Solar;Solar;14.4;2016;West Midlands;
Lightsource BP;Chittering;Solar;Solar;5;2012;East England;
Lightsource BP;Church Farm - Slapton;Solar;Solar;5;2015;South East;
Lightsource BP;Cleave Farm;Solar;Solar;4.6;2013;South West;
Lightsource BP;Cold Harbour;Solar;Solar;5;2015;Yorkshire and Humber;
Lightsource BP;Crookedstone;Solar;Solar;4.8;2016;Northern Ireland;
Lightsource BP;Crossness;Solar;Solar;1.5;2011;London;
Lightsource BP;Crucis Farm;Solar;Solar;16.1;2014;South West;
Lightsource BP;Crundale;Solar;Solar;43.7;2015;Wales;
Lightsource BP;Cwrt Henllys;Solar;Solar;5;2016;Wales;
Lightsource BP;Dunsfold;Solar;Solar;2;2011;South East;
Lightsource BP;Eastacombe;Solar;Solar;3.6;2012;South West;
Lightsource BP;Epwell;Solar;Solar;9;2014;South East;
Lightsource BP;Exning;Solar;Solar;30.3;2015;East England;
Lightsource BP;Fairwinds;Solar;Solar;12.2;2014;East England;
Lightsource BP;Fareham;Solar;Solar;20.5;2014;South East;
Lightsource BP;Fawley (Langley);Solar;Solar;5;2012;South East;
Lightsource BP;Ffos Las;Solar;Solar;5;2012;Wales;
Lightsource BP;Fields Farm (Agden) ;Solar;Solar;5;2017;North West;
Lightsource BP;Finvoy;Solar;Solar;6;2017;Northern Ireland;
Lightsource BP;Francis Court;Solar;Solar;4.2;2015;South West;
Lightsource BP;Gelli Gron;Solar;Solar;3.6;2016;Wales;
Lightsource BP;Great Knowles;Solar;Solar;2.9;2012;South West;
Lightsource BP;Green Lane;Solar;Solar;4.2;2017;West Midlands;
Lightsource BP;Hadley Farm;Solar;Solar;5;2015;West Midlands;
Lightsource BP;Hawton;Solar;Solar;4.9;2011;East Midlands;
Lightsource BP;Henbury Quarry;Solar;Solar;3.7;2015;South West;
Lightsource BP;High Point;Solar;Solar;3.7;2017;West Midlands;
Lightsource BP;Hill Farm;Solar;Solar;7.7;2015;Wales;
Lightsource BP;Hill Hall Farm;Solar;Solar;5;2016;East England;
Lightsource BP;Hill House Farm;Solar;Solar;28.3;2015;South West;
Lightsource BP;Hillside;Solar;Solar;5.4;2017;Northern Ireland;
Lightsource BP;Horam;Solar;Solar;8.1;2015;South East;
Lightsource BP;Hornacott;Solar;Solar;5;2015;South West;
Lightsource BP;Howbery;Solar;Solar;0.7;2011;South East;
Lightsource BP;Howton;Solar;Solar;5;2011;South West;
Lightsource BP;Knockairn Road;Solar;Solar;5.4;2017;Northern Ireland;
Lightsource BP;Knowlton;Solar;Solar;11.5;2014;South East;
Lightsource BP;Langton;Solar;Solar;4.3;2015;Wales;
Lightsource BP;Langunnett;Solar;Solar;6.2;2013;South West;
Lightsource BP;Lawrence End Park;Solar;Solar;5;2015;East England;
Lightsource BP;Little Neath;Solar;Solar;6.1;2015;Wales;
Lightsource BP;Lough Road;Solar;Solar;5.4;2017;Northern Ireland;
Lightsource BP;Maes Bach;Solar;Solar;4.6;2015;Wales;
Lightsource BP;Maghaberry;Solar;Solar;27.1;2018;Northern Ireland;
Lightsource BP;Manor Farm;Solar;Solar;0.8;2011;South West;
Lightsource BP;Manor Farm Eggington;Solar;Solar;5;2015;East England;
Lightsource BP;Manston;Solar;Solar;9.8;2013;South East;
Lightsource BP;Marston;Solar;Solar;4.5;2011;East Midlands;
Lightsource BP;Meadow Farm (Thorpe Lanton) ;Solar;Solar;5;2017;East Midlands;
Lightsource BP;Millar Farm;Solar;Solar;7.2;2017;Northern Ireland;
Lightsource BP;Moira Road;Solar;Solar;5.9;2017;Northern Ireland;
Lightsource BP;Moor Solar 1;Solar;Solar;1.7;2011;East Midlands;
Lightsource BP;Moor Solar 2;Solar;Solar;1.1;2011;East Midlands;
Lightsource BP;Morfa;Solar;Solar;2;2016;Wales;
Lightsource BP;Nefyn (Tyddyn Cae);Solar;Solar;4.9;2015;Wales;
Lightsource BP;Norrington;Solar;Solar;11.1;2014;South West;
Lightsource BP;North Tenement;Solar;Solar;5;2017;Wales;
Lightsource BP;Park Farm West ;Solar;Solar;3.9;2017;Wales;
Lightsource BP;Pen Rhiw ;Solar;Solar;4.7;2017;Wales;
Lightsource BP;Pilkington;Solar;Solar;2.3;2019;North West;
Lightsource BP;Pont Andrew;Solar;Solar;1.5;2012;Wales;
Lightsource BP;Pressock;Solar;Solar;4.2;2017;Scotland;
Lightsource BP;Prestop Park;Solar;Solar;15.9;2015;East Midlands;
Lightsource BP;Primrose Hill;Solar;Solar;4.3;2015;Yorkshire and Humber;
Lightsource BP;Promens;Solar;Solar;1.6;2011;East England;
Lightsource BP;QE2 Reservoir;Solar;Solar;6.3;2016;South East;
Lightsource BP;RedHill Farm ;Solar;Solar;4.8;2015;South West;
Lightsource BP;Rudge Hill Farm;Solar;Solar;1;2013;South West;
Lightsource BP;Safeguard Bradwall;Solar;Solar;5;2017;North West;
Lightsource BP;Sandhill;Solar;Solar;1.9;2011;South West;
Lightsource BP;Says Court;Solar;Solar;19.8;2014;South West;
Lightsource BP;School Aycliffe;Solar;Solar;5;2015;North East;
Lightsource BP;Shaftesbury;Solar;Solar;5;2015;South West;
Lightsource BP;Sharland Farm ;Solar;Solar;2.8;2017;South West;
Lightsource BP;Sheriffhales;Solar;Solar;5;2015;West Midlands;
Lightsource BP;South Creake;Solar;Solar;26;2016;East England;
Lightsource BP;St Francis;Solar;Solar;4.3;2015;South East;
Lightsource BP;Stragglethorpe;Solar;Solar;5;2016;East Midlands;
Lightsource BP;Summerlands;Solar;Solar;0.8;2012;South West;
Lightsource BP;Sundorne;Solar;Solar;18.2;2015;West Midlands;
Lightsource BP;Trefinnick;Solar;Solar;4.4;2013;South West;
Lightsource BP;Treguff;Solar;Solar;3.7;2015;Wales;
Lightsource BP;Trevemper;Solar;Solar;1.7;2011;South West;
Lightsource BP;Upper Clayhill;Solar;Solar;4.7;2015;South East;
Lightsource BP;Walton;Solar;Solar;1.8;2011;South East;
Lightsource BP;West Bradley;Solar;Solar;1;2012;South West;
Lightsource BP;West Farm;Solar;Solar;7.6;2013;Wales;
Lightsource BP;Westwood;Solar;Solar;9.2;2014;South East;
Lightsource BP;Wheal Jane;Solar;Solar;1.4;2011;South West;
Lightsource BP;Wick Red Farm;Solar;Solar;5;2016;South West;
Lightsource BP;Wilburton;Solar;Solar;5;2011;East England;
Lightsource BP;Wrockwardine;Solar;Solar;10.5;2015;West Midlands;
LondonEnergy;Edmonton;Waste (municipal solid waste);Conventional Steam;50;1970;London;
Magnox Electric;Maentwrog;Hydro;Hydro;35.3;1928;Wales;
Marchwood Power;Marchwood;Natural gas;CCGT;898;2009;South East;
Octopus Investments;Abbots Ripton;Solar;Solar;24.7;2014;East England;
Octopus Investments;Apse New Barn;Solar;Solar;3.1;2013;South East;
Octopus Investments;Ash Row Farm;Solar;Solar;5;2015;Yorkshire and Humber;
Octopus Investments;Avenue Farm;Solar;Solar;7.6;2015;East England;
Octopus Investments;Averill Farm;Solar;Solar;5;2015;East Midlands;
Octopus Investments;Barn Farm;Solar;Solar;4.7;2015;East England;
Octopus Investments;Bentley;Solar;Solar;5.2;2013;North West;
Octopus Investments;Birch Estate;Solar;Solar;5;2015;East England;
Octopus Investments;Bishop's Sutton;Solar;Solar;12;2014;South East;
Octopus Investments;Blaby;Solar;Solar;3.5;2016;East Midlands;
Octopus Investments;Bradford;Solar;Solar;5.3;2013;South West;
Octopus Investments;Bratton Fleming;Solar;Solar;5;2013;South West;
Octopus Investments;Brickkiln Lane;Solar;Solar;5;2016;East England;
Octopus Investments;Bryn Yr Odyn;Solar;Solar;14.9;2015;Wales;
Octopus Investments;Burntstalk Farm;Solar;Solar;11.5;2013;East England;
Octopus Investments;Bystock Farm;Solar;Solar;4.1;2015;South West;
Octopus Investments;Carlisle Estate;Solar;Solar;5;2016;North West;
Octopus Investments;Caswell;Solar;Solar;5.9;2016;South West;
Octopus Investments;Causilgey;Solar;Solar;5;2013;South West;
Octopus Investments;Chalcroft;Solar;Solar;6.3;2013;South East;
Octopus Investments;Chawton;Solar;Solar;3.7;2013;South East;
Octopus Investments;Chediston Hall;Solar;Solar;12.3;2013;East England;
Octopus Investments;Chisbon;Solar;Solar;12.3;2015;East England;
Octopus Investments;Chittering 2;Solar;Solar;6.3;2013;East England;
Octopus Investments;Clann Farm;Solar;Solar;1.5;2014;South West;
Octopus Investments;Cloford Common Farm;Solar;Solar;5;2015;South West;
Octopus Investments;Corntown;Solar;Solar;2.5;2017;Wales;
Octopus Investments;Crapnell Farm;Solar;Solar;4.7;2014;South West;
Octopus Investments;Craymarsh;Solar;Solar;1.8;2012;South West;
Octopus Investments;Cressing;Solar;Solar;5;2016;East England;
Octopus Investments;Dairy House Farm;Solar;Solar;3.4;2016;North West;
Octopus Investments;Decoy;Solar;Solar;5.3;2014;South East;
Octopus Investments;Deepdale;Solar;Solar;5;2016;East Midlands;
Octopus Investments;Drapers Farm;Solar;Solar;6;2014;East England;
Octopus Investments;Eakring;Solar;Solar;11.8;2015;East Midlands;
Octopus Investments;Ellicombe;Solar;Solar;1.3;2013;South West;
Octopus Investments;Ermine Street;Solar;Solar;32.4;2014;East Midlands;
Octopus Investments;Fullerton;Solar;Solar;4.4;2017;South East;
Octopus Investments;Guisborough;Solar;Solar;5;2016;North East;
Octopus Investments;Hatchlands;Solar;Solar;5.2;2013;South West;
Octopus Investments;Hazard;Solar;Solar;5.7;2014;South West;
Octopus Investments;Hewas;Solar;Solar;6;2013;South West;
Octopus Investments;Higher Knapp Farm;Solar;Solar;1.5;2013;South West;
Octopus Investments;Higher Trenhayle;Solar;Solar;2.9;2013;South West;
Octopus Investments;Hill End Farm;Solar;Solar;2.8;2014;South East;
Octopus Investments;Hill Farm (OI);Solar;Solar;10.8;2014;South East;
Octopus Investments;Hollamoor;Solar;Solar;2.2;2013;South West;
Octopus Investments;Holtwood;Solar;Solar;5;2016;East Midlands;
Octopus Investments;Hullavington;Solar;Solar;8.3;2014;South West;
Octopus Investments;Lawn Lane;Solar;Solar;4.3;2016;West Midlands;
Octopus Investments;Lenham;Solar;Solar;6.6;2012;South East;
Octopus Investments;Lexham;Solar;Solar;7.9;2013;East England;
Octopus Investments;Little Morton;Solar;Solar;14.3;2014;East Midlands;
Octopus Investments;Little Trevease;Solar;Solar;5.4;2013;South West;
Octopus Investments;Littleton Farm;Solar;Solar;12;2015;South West;
Octopus Investments;Lochcraigs Farm;Solar;Solar;5;2017;Scotland;
Octopus Investments;Lodge Farm;Solar;Solar;12;2014;East Midlands;
Octopus Investments;Lovedean;Solar;Solar;4.5;2013;South East;
Octopus Investments;Manor Farm Dorset;Solar;Solar;4.9;2014;South West;
Octopus Investments;Manston Thorne;Solar;Solar;6.2;2014;South East;
Octopus Investments;Marley Thatch;Solar;Solar;6.2;2013;South West;
Octopus Investments;Meadow Farm;Solar;Solar;6.1;2014;East England;
Octopus Investments;Melbourn Black Peak;Solar;Solar;19;2015;East England;
Octopus Investments;Melbourn Muncey Farm;Solar;Solar;30.9;2015;East England;
Octopus Investments;Mill Hill Farm;Solar;Solar;5;2015;Yorkshire and Humber;
Octopus Investments;Molland Farm;Solar;Solar;5;2015;South West;
Octopus Investments;Mopley/Cadland;Solar;Solar;3;2013;South East;
Octopus Investments;Mount Mill;Solar;Solar;12;2015;East Midlands;
Octopus Investments;Natewood;Solar;Solar;9;2015;South East;
Octopus Investments;New Row Farm;Solar;Solar;4.5;2014;South West;
Octopus Investments;Newlands;Solar;Solar;4.3;2013;South West;
Octopus Investments;Ninnis;Solar;Solar;3.9;2013;South West;
Octopus Investments;North Perrott Fruit Farm;Solar;Solar;0.8;2013;South West;
Octopus Investments;North Wayton;Solar;Solar;8.4;2014;South West;
Octopus Investments;Northmoor;Solar;Solar;4.9;2015;South West;
Octopus Investments;Oaklands;Solar;Solar;6.9;2015;South East;
Octopus Investments;Ottringham;Solar;Solar;6.1;2014;Yorkshire and Humber;
Octopus Investments;Palfreys Barton;Solar;Solar;1;2013;South West;
Octopus Investments;Parciau;Solar;Solar;12.7;2015;Wales;
Octopus Investments;Park Wall;Solar;Solar;5;2012;South West;
Octopus Investments;Parkhouse;Solar;Solar;6.6;2013;South East;
Octopus Investments;Penhale;Solar;Solar;3.5;2013;South West;
Octopus Investments;Penyrheollas;Solar;Solar;5;2017;Wales;
Octopus Investments;Peter Hill;Solar;Solar;5;2016;Yorkshire and Humber;
Octopus Investments;Peterlee;Solar;Solar;5;2016;North East;
Octopus Investments;Pitchford;Solar;Solar;21;2015;West Midlands;
Octopus Investments;Pitts Farm;Solar;Solar;3.2;2014;South West;
Octopus Investments;Pollington Airfield;Solar;Solar;5;2015;Yorkshire and Humber;
Octopus Investments;Pyde Drove;Solar;Solar;8.4;2014;South West;
Octopus Investments;Ratcliffe House Farm;Solar;Solar;3.5;2015;East Midlands;
Octopus Investments;Reaches Farm;Solar;Solar;6.2;2014;East England;
Octopus Investments;Rew Farm;Solar;Solar;5.1;2014;South West;
Octopus Investments;Rudge Manor;Solar;Solar;6.4;2013;South West;
Octopus Investments;Rydon Farm;Solar;Solar;9.6;2015;South West;
Octopus Investments;Ryston Farm;Solar;Solar;4.6;2015;East England;
Octopus Investments;Seaton Road;Solar;Solar;4.2;2017;East Midlands;
Octopus Investments;Shipton Bellinger;Solar;Solar;5.4;2013;South East;
Octopus Investments;Short Hazel;Solar;Solar;5;2016;East Midlands;
Octopus Investments;Singrug;Solar;Solar;12;2015;Wales;
Octopus Investments;Six Hills;Solar;Solar;18.7;2015;East Midlands;
Octopus Investments;Slaughtergate;Solar;Solar;1.8;2013;South West;
Octopus Investments;Somerton Door;Solar;Solar;8.7;2015;South West;
Octopus Investments;Southcombe Farm;Solar;Solar;1.2;2013;South West;
Octopus Investments;Spittleborough;Solar;Solar;9.1;2014;South West;
Octopus Investments;Staining Wood;Solar;Solar;5;2016;North West;
Octopus Investments;Stormy Down;Solar;Solar;4.7;2017;Wales;
Octopus Investments;Stratton Hall;Solar;Solar;11.8;2014;East England;
Octopus Investments;Strete;Solar;Solar;4.9;2013;South West;
Octopus Investments;Sutton Mawr;Solar;Solar;7.5;2014;Wales;
Octopus Investments;Sycamore;Solar;Solar;19;2014;South East;
Octopus Investments;Tavells;Solar;Solar;5.4;2013;South East;
Octopus Investments;The Breck;Solar;Solar;5;2016;East Midlands;
Octopus Investments;The Hollies;Solar;Solar;8.6;2013;East Midlands;
Octopus Investments;The Hydes;Solar;Solar;10.7;2014;East England;
Octopus Investments;Thoresby;Solar;Solar;19.8;2015;East Midlands;
Octopus Investments;Tillhouse;Solar;Solar;10.5;2014;South West;
Octopus Investments;Tooley Farm;Solar;Solar;5;2015;East England;
Octopus Investments;Tredown Farm;Solar;Solar;1.4;2013;South West;
Octopus Investments;Tregassow;Solar;Solar;5.9;2013;South West;
Octopus Investments;Trench Farm;Solar;Solar;5;2015;Wales;
Octopus Investments;Turves;Solar;Solar;5;2013;East England;
Octopus Investments;Upper Farringdon;Solar;Solar;6.2;2015;South East;
Octopus Investments;Walland Farm;Solar;Solar;5;2015;South West;
Octopus Investments;Waterloo Farm 1 & 2;Solar;Solar;28.7;2015;East England;
Octopus Investments;Wedgehill;Solar;Solar;13.5;2015;South West;
Octopus Investments;Week Farm 2;Solar;Solar;3.7;2014;South West;
Octopus Investments;West Hall;Solar;Solar;5.5;2014;Wales;
Octopus Investments;Westerfield;Solar;Solar;13;2015;South East;
Octopus Investments;Westwood Farm;Solar;Solar;5.1;2014;East Midlands;
Octopus Investments;Whiddon Farm;Solar;Solar;0.9;2013;South West;
Octopus Investments;Wiggin Hill;Solar;Solar;11.4;2015;East England;
Octopus Investments;Willburton 2 (Mingay Farm);Solar;Solar;19.3;2014;East England;
Octopus Investments;Willsland;Solar;Solar;3.3;2013;South West;
Octopus Investments;Woodlands Farm;Solar;Solar;13.2;2015;South East;
Orsted;Barrow;Wind (offshore);Wind (offshore);90;2006;North West;
Orsted;Burbo;Wind (offshore);Wind (offshore);90;2008;North West;
Orsted;Burbo Extension;Wind (offshore);Wind (offshore);259;2016;North West;
Orsted;Gunfleet Sands 1 & 2;Wind (offshore);Wind (offshore);172.8;2010;East England;
Orsted;Gunfleet Sands 3;Wind (offshore);Wind (offshore);12;2013;East England;
Orsted;Hornsea 1;Wind (offshore);Wind (offshore);546;2019;Yorkshire and Humber;
Orsted;Lincs;Wind (offshore);Wind (offshore);270;2013;East Midlands;
Orsted;Race Bank;Wind (offshore);Wind (offshore);573;2018;East England;
Orsted;Walney 1 & 2;Wind (offshore);Wind (offshore);368;2011;North West;
Orsted;Walney 3;Wind (offshore);Wind (offshore);330;2017;North West;
Orsted;Walney 4;Wind (offshore);Wind (offshore);329;2018;North West;
Orsted;West of Duddon Sands;Wind (offshore);Wind (offshore);388.8;2014;North West;
Orsted;Westermost Rough;Wind (offshore);Wind (offshore);210;2015;Yorkshire and Humber;
Peel Energy;Frodsham;Wind (onshore);Wind (onshore);50.4;2017;North West;
Peel Energy;Port of Sheerness;Wind (onshore);Wind (onshore);8.2;2016;South East;
Peel Energy;Seaforth;Wind (onshore);Wind (onshore);3;1999;North West;
Pennant Walters;Maesgwyn Solar Farm ;Solar;Solar;3.7;2017;Wales;
Pennant Walters;Maesgwyn;Wind (onshore);Wind (onshore);26;2011;Wales;
Pennant Walters;Maesgwyn Extension ;Wind (onshore);Wind (onshore);2.5;2017;Wales;
Pennant Walters;Mynydd Bwllfa ;Wind (onshore);Wind (onshore);22.5;2015;Wales;
Pennant Walters;Pant y Wal;Wind (onshore);Wind (onshore);47.5;2013;Wales;
Pennant Walters;Pant y Wal Extension (Mynnyd Yr Aber Substation);Wind (onshore);Wind (onshore);20;2017;Wales;
REG WindPower;Chalgrove;Solar;Solar;21.3;2015;South East;
REG WindPower;Goonhilly Downs;Solar;Solar;4.5;2014;South West;
REG WindPower;Hale Farm;Solar;Solar;12.2;2015;South West;
REG WindPower;Hartwell;Solar;Solar;18.6;2015;East Midlands;
REG WindPower;Lower Newton;Solar;Solar;11.9;2014;West Midlands;
REG WindPower;Mendennick;Solar;Solar;2.6;2015;South West;
REG WindPower;Newton Ferrers;Solar;Solar;19.5;2015;South West;
REG WindPower;Pencoose;Solar;Solar;8.1;2015;South West;
REG WindPower;SPD 2 Hall Farm;Solar;Solar;14.9;2015;East England;
REG WindPower;SPD 3 Grange Farm;Solar;Solar;9.5;2015;East Midlands;
REG WindPower;SPD 4 Gelliwern;Solar;Solar;6.2;2015;Wales;
REG WindPower;Barlborough;Wind (onshore);Wind (onshore);0.8;2015;East Midlands;
REG WindPower;Batsworthy Cross;Wind (onshore);Wind (onshore);17.1;2016;South West;
REG WindPower;Brackagh Quarry;Wind (onshore);Wind (onshore);5;2016;Northern Ireland;
REG WindPower;Braich Ddu;Wind (onshore);Wind (onshore);4.5;2007;Wales;
REG WindPower;Burnthouse Farm;Wind (onshore);Wind (onshore);6;2013;East England;
REG WindPower;Denzell Downs;Wind (onshore);Wind (onshore);10;2015;South West;
REG WindPower;French Farm;Wind (onshore);Wind (onshore);4;2016;East England;
REG WindPower;Glens of Foudland;Wind (onshore);Wind (onshore);26.7;2009;Scotland;
REG WindPower;Goonhilly Downs;Wind (onshore);Wind (onshore);12;2008;South West;
REG WindPower;High Down;Wind (onshore);Wind (onshore);0.5;2014;South West;
REG WindPower;High Haswell;Wind (onshore);Wind (onshore);6;2011;North East;
REG WindPower;High Pow;Wind (onshore);Wind (onshore);3.9;2015;North West;
REG WindPower;High Sharpley;Wind (onshore);Wind (onshore);2.8;2006;North East;
REG WindPower;Loscar;Wind (onshore);Wind (onshore);4.5;2010;Yorkshire and Humber;
REG WindPower;Mynydd Brombil;Wind (onshore);Wind (onshore);8;2017;Wales;
REG WindPower;Mynydd Portref;Wind (onshore);Wind (onshore);12;2017;Wales;
REG WindPower;Orchard End;Wind (onshore);Wind (onshore);4.2;2013;North West;
REG WindPower;Pen Bryn Oer;Wind (onshore);Wind (onshore);6;2017;Wales;
REG WindPower;Ramsey;Wind (onshore);Wind (onshore);2;2008;East England;
REG WindPower;Ramsey 2;Wind (onshore);Wind (onshore);8.2;2013;East England;
REG WindPower;Rodbaston;Wind (onshore);Wind (onshore);4.1;2016;West Midlands;
REG WindPower;Roskrow Barton;Wind (onshore);Wind (onshore);1.7;2008;South West;
REG WindPower;Sancton Hill;Wind (onshore);Wind (onshore);10;2011;Yorkshire and Humber;
REG WindPower;South Sharpley;Wind (onshore);Wind (onshore);6;2011;North East;
REG WindPower;St Breock;Wind (onshore);Wind (onshore);10.3;2015;South West;
REG WindPower;Tormywheel;Wind (onshore);Wind (onshore);37.5;2017;Scotland;
REG WindPower;Whittlesey;Wind (onshore);Wind (onshore);2;2015;East England;
Renewable Energy Solutions Services;Barton;Solar;Solar;1.2;2012;South West;
Renewable Energy Solutions Services;Broadgate;Solar;Solar;1.1;2012;South West;
Renewable Energy Solutions Services;Higher Pirzwell;Solar;Solar;1.2;2012;South West;
Renewable Energy Solutions Services;Kia-ora Farm;Solar;Solar;1.8;2013;South West;
Renewable Energy Solutions Services;Luson;Solar;Solar;1.9;2013;South West;
Renewable Energy Solutions Services;Stables Farm;Solar;Solar;1;2012;South East;
Renewable Energy Solutions Services;Yeowood;Solar;Solar;1.2;2012;South West;
RES Group;Derriton (Tamar Heights);Solar;Solar;11.7;2014;South West;
RES Group;Egmere;Solar;Solar;21;2014;East England;
RES Group;Four Burrows (Kenwyn);Solar;Solar;7.2;2015;South West;
RES Group;Marvel (Stone Farm);Solar;Solar;5;2015;South East;
RES Group;Parley;Solar;Solar;24.2;2014;South West;
RES Group;Parsonage (Hazel);Solar;Solar;7;2013;South West;
RES Group;Penare;Solar;Solar;11.1;2014;South West;
RES Group;Wix Lodge (Stour Fields);Solar;Solar;18.7;2014;East England;
RES Group;Altahullion;Wind (onshore);Wind (onshore);26;2003;Northern Ireland;
RES Group;Altahullion Extension;Wind (onshore);Wind (onshore);11.7;2007;Northern Ireland;
RES Group;Black Hill;Wind (onshore);Wind (onshore);30.1;2007;Scotland;
RES Group;Castle Craig;Wind (onshore);Wind (onshore);25;2018;Northern Ireland;
RES Group;Den Brook;Wind (onshore);Wind (onshore);18;2016;South West;
RES Group;Dyffryn Brodyn;Wind (onshore);Wind (onshore);5.4;1994;Wales;
RES Group;Earlseat;Wind (onshore);Wind (onshore);16;2013;Scotland;
RES Group;Forss;Wind (onshore);Wind (onshore);2;2003;Scotland;
RES Group;Forss Extension;Wind (onshore);Wind (onshore);5.2;2007;Scotland;
RES Group;Four Burrows;Wind (onshore);Wind (onshore);4.5;1995;South West;
RES Group;Freasdail;Wind (onshore);Wind (onshore);22.5;2017;Scotland;
RES Group;Garreg Llwyd;Wind (onshore);Wind (onshore);30.4;2017;Wales;
RES Group;Glenchamber;Wind (onshore);Wind (onshore);25.3;2016;Scotland;
RES Group;Grange;Wind (onshore);Wind (onshore);14;2013;East Midlands;
RES Group;Gruig;Wind (onshore);Wind (onshore);25;2009;Northern Ireland;
RES Group;Hill of Towie;Wind (onshore);Wind (onshore);48.3;2012;Scotland;
RES Group;Jacks Lane;Wind (onshore);Wind (onshore);15;2015;East England;
RES Group;Kelburn;Wind (onshore);Wind (onshore);28;2012;Scotland;
RES Group;Lendrums Bridge;Wind (onshore);Wind (onshore);5.9;2000;Northern Ireland;
RES Group;Lendrums Bridge Extension;Wind (onshore);Wind (onshore);7.3;2002;Northern Ireland;
RES Group;Lough Hill;Wind (onshore);Wind (onshore);7.8;2007;Northern Ireland;
RES Group;Meikle Carewe;Wind (onshore);Wind (onshore);10.2;2013;Scotland;
RES Group;Minnygap;Wind (onshore);Wind (onshore);25;2017;Scotland;
RES Group;Neilston;Wind (onshore);Wind (onshore);10.1;2018;Scotland;
RES Group;Penmanshiel;Wind (onshore);Wind (onshore);28.7;2016;Scotland;
RES Group;Roos;Wind (onshore);Wind (onshore);17.1;2013;Yorkshire and Humber;
RES Group;Tallentire;Wind (onshore);Wind (onshore);12;2013;North West;
RES Group;Todmorden Moor;Wind (onshore);Wind (onshore);12.5;2014;Yorkshire and Humber;
RES Group;Turncole;Wind (onshore);Wind (onshore);17.5;2017;East England;
RES Group;Wadlow;Wind (onshore);Wind (onshore);26;2012;East England;
RES Group;Woolley Hill;Wind (onshore);Wind (onshore);10;2015;East England;
RES Group;Wryde Croft;Wind (onshore);Wind (onshore);26;2016;East England;
Riverside Resource Recovery;Riverside;Waste (municipal solid waste);Conventional Steam;80;2011;London;
RWE Npower;Markinch CHP *;Biomass (recycled wood, virgin wood);Conventional Steam;65;2014;Scotland;
RWE Npower;Aberthaw B;Coal;Conventional Steam;1,559.00;1971;Wales;
RWE Npower;Aberthaw GT;Diesel/gas oil;OCGT;51;1971;Wales;
RWE Npower;Cowes;Diesel/gas oil;OCGT;140;1982;South East;
RWE Npower;Didcot GT;Diesel/gas oil;OCGT;100;1972;South East;
RWE Npower;Little Barford GT;Diesel/gas oil;OCGT;17;2006;East England;
RWE Npower;Auchtertyre;Hydro;Hydro;0.6;2000;Scotland;
RWE Npower;Black Rock;Hydro;Hydro;3.5;2012;Scotland;
RWE Npower;Blantyre;Hydro;Hydro;0.6;1995;Scotland;
RWE Npower;Braevallich;Hydro;Hydro;2.3;2005;Scotland;
RWE Npower;Carnoch;Hydro;Hydro;1.4;2009;Scotland;
RWE Npower;Cia Aig;Hydro;Hydro;3;2016;Scotland;
RWE Npower;Croesor;Hydro;Hydro;0.5;1999;Wales;
RWE Npower;Cwm Dyli;Hydro;Hydro;9.9;2002;Wales;
RWE Npower;Dolgarrog High Head;Hydro;Hydro;17;2002;Wales;
RWE Npower;Dolgarrog Low Head;Hydro;Hydro;15;2002;Wales;
RWE Npower;Douglas Water;Hydro;Hydro;3;2008;Scotland;
RWE Npower;Dulyn;Hydro;Hydro;0.5;1998;Wales;
RWE Npower;Garnedd;Hydro;Hydro;0.6;1990;Wales;
RWE Npower;Garrogie;Hydro;Hydro;2.4;2005;Scotland;
RWE Npower;Garry Gualach;Hydro;Hydro;0.8;2002;Scotland;
RWE Npower;Glen Tarbert;Hydro;Hydro;0.9;2000;Scotland;
RWE Npower;Grudie;Hydro;Hydro;2;2017;Scotland;
RWE Npower;Inverbain;Hydro;Hydro;1;2006;Scotland;
RWE Npower;Inverlael;Hydro;Hydro;2.5;2009;Scotland;
RWE Npower;Kielder;Hydro;Hydro;6;2006;North East;
RWE Npower;Maldie;Hydro;Hydro;4;2013;Scotland;
RWE Npower;River E;Hydro;Hydro;3;2008;Scotland;
RWE Npower;Selset;Hydro;Hydro;0.8;2010;North East;
RWE Npower;Stanley Mill;Hydro;Hydro;0.8;2003;Scotland;
RWE Npower;Didcot B;Natural gas;CCGT;1,450.00;1998;South East;
RWE Npower;Great Yarmouth;Natural gas;CCGT;420;2001;East England;
RWE Npower;Little Barford;Natural gas;CCGT;723;1995;East England;
RWE Npower;Pembroke;Natural gas;CCGT;2,199.00;2012;Wales;
RWE Npower;Staythorpe C;Natural gas;CCGT;1,772.00;2010;East Midlands;
RWE Npower;Galloper;Wind (offshore);Wind (offshore);352.8;2017;East England;
RWE Npower;Gwynt y Mor;Wind (offshore);Wind (offshore);576;2013;Wales;
RWE Npower;North Hoyle;Wind (offshore);Wind (offshore);60;2004;Wales;
RWE Npower;Rhyl Flats;Wind (offshore);Wind (offshore);90;2009;Wales;
RWE Npower;An Suidhe;Wind (onshore);Wind (onshore);19.3;2005;Scotland;
RWE Npower;Bad a Cheo;Wind (onshore);Wind (onshore);26.7;2018;Scotland;
RWE Npower;Bilbster;Wind (onshore);Wind (onshore);3.9;2007;Scotland;
RWE Npower;Bradwell;Wind (onshore);Wind (onshore);20.5;2013;East England;
RWE Npower;Brechfa Forest West;Wind (onshore);Wind (onshore);57.4;2018;Wales;
RWE Npower;Burgar Hill;Wind (onshore);Wind (onshore);5;2006;Scotland;
RWE Npower;Goole Fields A;Wind (onshore);Wind (onshore);33;2013;Yorkshire and Humber;
RWE Npower;Goole Fields B;Wind (onshore);Wind (onshore);34.9;2016;Yorkshire and Humber;
RWE Npower;Hameldon Hill;Wind (onshore);Wind (onshore);6;2006;North West;
RWE Npower;Hameldon Hill Extension;Wind (onshore);Wind (onshore);6;2013;North West;
RWE Npower;Hellrigg;Wind (onshore);Wind (onshore);9.2;2012;North West;
RWE Npower;Kiln Pit Hill;Wind (onshore);Wind (onshore);14;2011;North East;
RWE Npower;Knabs Ridge;Wind (onshore);Wind (onshore);16;2007;Yorkshire and Humber;
RWE Npower;Lindhurst;Wind (onshore);Wind (onshore);9;2010;East Midlands;
RWE Npower;Little Cheyne Court;Wind (onshore);Wind (onshore);59.8;2008;South East;
RWE Npower;Lochelbank;Wind (onshore);Wind (onshore);9.6;2010;Scotland;
RWE Npower;Middlemoor;Wind (onshore);Wind (onshore);54;2013;North East;
RWE Npower;Mynydd y Gwair;Wind (onshore);Wind (onshore);32.8;2019;Wales;
RWE Npower;Novar 2;Wind (onshore);Wind (onshore);36.8;2012;Scotland;
RWE Npower;The Hollies;Wind (onshore);Wind (onshore);2.6;2008;East Midlands;
Scira Offshore Energy;Dudgeon 1;Wind (offshore);Wind (offshore);108;2017;East England;
Scira Offshore Energy;Dudgeon 2;Wind (offshore);Wind (offshore);90;2017;East England;
Scira Offshore Energy;Dudgeon 3;Wind (offshore);Wind (offshore);102;2017;East England;
Scira Offshore Energy;Dudgeon 4;Wind (offshore);Wind (offshore);102;2017;East England;
Scira Offshore Energy;Hywind 1;Wind (offshore);Wind (offshore);30;2017;Scotland;
Scira Offshore Energy;Sheringham Shoal 1;Wind (offshore);Wind (offshore);158.4;2012;East England;
Scira Offshore Energy;Sheringham Shoal 2;Wind (offshore);Wind (offshore);158.4;2012;East England;
Scottish Power;Arecleoch;Wind (onshore);Wind (onshore);120;2010;Scotland;
Scottish Power;Beinn an Tuirc I;Wind (onshore);Wind (onshore);29.7;2002;Scotland;
Scottish Power;Beinn an Tuirc II;Wind (onshore);Wind (onshore);43.7;2012;Scotland;
Scottish Power;Beinn Tharsuinn;Wind (onshore);Wind (onshore);29.8;2005;Scotland;
Scottish Power;Black Law;Wind (onshore);Wind (onshore);124.2;2005;Scotland;
Scottish Power;Black Law II;Wind (onshore);Wind (onshore);63.4;2016;Scotland;
Scottish Power;Callagheen;Wind (onshore);Wind (onshore);16.9;2006;Northern Ireland;
Scottish Power;Carland Cross RP;Wind (onshore);Wind (onshore);20;2013;South West;
Scottish Power;Clachan Flats;Wind (onshore);Wind (onshore);15;2009;Scotland;
Scottish Power;Coal Clough RP;Wind (onshore);Wind (onshore);16;2014;North West;
Scottish Power;Coldham;Wind (onshore);Wind (onshore);16;2005;East England;
Scottish Power;Corkey;Wind (onshore);Wind (onshore);5;1995;Northern Ireland;
Scottish Power;Cruach Mhor;Wind (onshore);Wind (onshore);29.8;2004;Scotland;
Scottish Power;Dersalloch;Wind (onshore);Wind (onshore);69;2016;Scotland;
Scottish Power;Dun Law I;Wind (onshore);Wind (onshore);17.2;2000;Scotland;
Scottish Power;Dun Law II;Wind (onshore);Wind (onshore);29.8;2009;Scotland;
Scottish Power;Elliot's Hill;Wind (onshore);Wind (onshore);5;1995;Northern Ireland;
Scottish Power;Ewe Hill I;Wind (onshore);Wind (onshore);13.8;2016;Scotland;
Scottish Power;Ewe Hill II;Wind (onshore);Wind (onshore);36.8;2017;Scotland;
Scottish Power;Glenapp;Wind (onshore);Wind (onshore);22;2017;Scotland;
Scottish Power;Green Knowes;Wind (onshore);Wind (onshore);27;2008;Scotland;
Scottish Power;Hagshaw Hill I;Wind (onshore);Wind (onshore);15.6;1996;Scotland;
Scottish Power;Hagshaw Hill II;Wind (onshore);Wind (onshore);26;2008;Scotland;
Scottish Power;Hare Hill;Wind (onshore);Wind (onshore);13.2;2000;Scotland;
Scottish Power;Hare Hill II;Wind (onshore);Wind (onshore);29.8;2016;Scotland;
Scottish Power;Harestanes;Wind (onshore);Wind (onshore);136;2013;Scotland;
Scottish Power;Kilgallioch ;Wind (onshore);Wind (onshore);239;2016;Scotland;
Scottish Power;Lynemouth;Wind (onshore);Wind (onshore);26;2012;North East;
Scottish Power;Mark Hill;Wind (onshore);Wind (onshore);56;2011;Scotland;
Scottish Power;Middleton;Wind (onshore);Wind (onshore);12;2013;Scotland;
Scottish Power;Penrhyddlan & Llidiartywaun;Wind (onshore);Wind (onshore);30.6;1993;Wales;
Scottish Power;Rigged Hill;Wind (onshore);Wind (onshore);5;1995;Northern Ireland;
Scottish Power;Wether Hill;Wind (onshore);Wind (onshore);18.2;2007;Scotland;
Scottish Power;Whitelee;Wind (onshore);Wind (onshore);322;2007;Scotland;
Scottish Power;Whitelee II;Wind (onshore);Wind (onshore);217;2012;Scotland;
Scottish Power;Wolf Bog;Wind (onshore);Wind (onshore);10;2008;Northern Ireland;
Seabank Power;Seabank;Natural gas;CCGT;1,234.00;2000;South West;
Sembcorp Utilities;Wilton 10 *;Biomass (virgin wood);Conventional Steam;33.3;2007;North East;
Sembcorp Utilities;Wilton GT *;Natural gas;Conventional Steam;120;1952;North East;
Sembcorp Utilities;Wilton 11 EfW;Waste (municipal solid waste);Conventional Steam;49;2016;North East;
SSE;Slough Heat & Power *;Biomass (recycled wood);Conventional Steam;35;1918;South East;
SSE;Fiddler’s Ferry;Coal;Conventional Steam;1,961.00;1971;North West;
SSE;Arnish;Diesel/gas oil;OCGT;10;2000;Scotland;
SSE;Barra;Diesel/gas oil;OCGT;2.5;1986;Scotland;
SSE;Bowmore;Diesel/gas oil;OCGT;6;1946;Scotland;
SSE;Fiddler’s Ferry GT;Diesel/gas oil;OCGT;35;1971;North West;
SSE;Five Oaks;Diesel/gas oil;OCGT;9;1995;South East;
SSE;Keadby GT;Diesel/gas oil;OCGT;25;1994;Yorkshire and Humber;
SSE;Kirkwall;Diesel/gas oil;OCGT;16;1952;Scotland;
SSE;Lerwick;Diesel/gas oil;OCGT;67;1953;Scotland;
SSE;Loch Carnan, South Uist;Diesel/gas oil;OCGT;11;1972;Scotland;
SSE;Stornoway;Diesel/gas oil;OCGT;23;1952;Scotland;
SSE;Thatcham;Diesel/gas oil;OCGT;9;1994;South East;
SSE;Tiree;Diesel/gas oil;OCGT;2.5;1953;Scotland;
SSE;Achanalt;Hydro;Hydro;3.1;1956;Scotland;
SSE;Aigas;Hydro;Hydro;20;1962;Scotland;
SSE;Allt-na-Lairige;Hydro;Hydro;6;1956;Scotland;
SSE;Awe Barrage - A;Hydro;Hydro;0.9;1956;Scotland;
SSE;Beannachran Dam;Hydro;Hydro;0.2;1951;Scotland;
SSE;Cashlie;Hydro;Hydro;11;1959;Scotland;
SSE;Cassley;Hydro;Hydro;10;1959;Scotland;
SSE;Ceannacroc (plus Comp Set);Hydro;Hydro;20;1956;Scotland;
SSE;Chliostair;Hydro;Hydro;1.3;1960;Scotland;
SSE;Clachan;Hydro;Hydro;40;1955;Scotland;
SSE;Cladach Dam;Hydro;Hydro;0.2;1949;Scotland;
SSE;Cluanie Dam;Hydro;Hydro;0.3;1956;Scotland;
SSE;Clunie;Hydro;Hydro;61.2;1950;Scotland;
SSE;Clunie Dam;Hydro;Hydro;0.2;1950;Scotland;
SSE;Cuaich (plus Comp Set);Hydro;Hydro;2.5;1959;Scotland;
SSE;Culligran;Hydro;Hydro;17.1;1962;Scotland;
SSE;Culligran Comp Set;Hydro;Hydro;2;1962;Scotland;
SSE;Dalchonzie;Hydro;Hydro;4;1958;Scotland;
SSE;Deanie;Hydro;Hydro;38;1963;Scotland;
SSE;Duchally;Hydro;Hydro;0.5;1959;Scotland;
SSE;Dundreggan Dam;Hydro;Hydro;0.2;1953;Scotland;
SSE;Errochty;Hydro;Hydro;75;1955;Scotland;
SSE;Fasnakyle;Hydro;Hydro;69;1951;Scotland;
SSE;Fasnakyle Comp Set;Hydro;Hydro;7.7;2006;Scotland;
SSE;Finlarig;Hydro;Hydro;16.5;1955;Scotland;
SSE;Foyers Falls;Hydro;Hydro;5.2;1968;Scotland;
SSE;Gaur;Hydro;Hydro;7.9;1953;Scotland;
SSE;Gisla;Hydro;Hydro;0.7;1960;Scotland;
SSE;Glendoe;Hydro;Hydro;100;2008;Scotland;
SSE;Glenmoriston;Hydro;Hydro;37;1957;Scotland;
SSE;Grudie Bridge;Hydro;Hydro;18.7;1950;Scotland;
SSE;Inverawe;Hydro;Hydro;25;1963;Scotland;
SSE;Invergarry;Hydro;Hydro;20;1956;Scotland;
SSE;Invergarry Dam;Hydro;Hydro;0.2;2003;Scotland;
SSE;Kerry Falls;Hydro;Hydro;1.3;1951;Scotland;
SSE;Kilmelford;Hydro;Hydro;2;1956;Scotland;
SSE;Kilmelford Comp Set;Hydro;Hydro;0.1;1956;Scotland;
SSE;Kilmorack;Hydro;Hydro;20;1962;Scotland;
SSE;Kingairloch;Hydro;Hydro;3.5;2005;Scotland;
SSE;Lairg;Hydro;Hydro;3.5;1959;Scotland;
SSE;Lednock;Hydro;Hydro;3;1961;Scotland;
SSE;Livishie;Hydro;Hydro;15;1962;Scotland;
SSE;Loch Dubh;Hydro;Hydro;1.2;1954;Scotland;
SSE;Loch Ericht;Hydro;Hydro;2.2;1962;Scotland;
SSE;Loch Gair;Hydro;Hydro;6;1961;Scotland;
SSE;Lochay;Hydro;Hydro;46;1958;Scotland;
SSE;Lochay Comp Set;Hydro;Hydro;2;1958;Scotland;
SSE;Lochay Fish Pass;Hydro;Hydro;0.1;1958;Scotland;
SSE;Loyne Tunnel;Hydro;Hydro;0.6;1956;Scotland;
SSE;Lubreoch;Hydro;Hydro;4;1958;Scotland;
SSE;Luichart;Hydro;Hydro;34;1954;Scotland;
SSE;Luichart Dam;Hydro;Hydro;0.1;1954;Scotland;
SSE;Lussa (plus Comp Set);Hydro;Hydro;2.4;1952;Scotland;
SSE;Meig Dam;Hydro;Hydro;0.1;1954;Scotland;
SSE;Misgeach;Hydro;Hydro;0.4;1963;Scotland;
SSE;Morar;Hydro;Hydro;0.8;1950;Scotland;
SSE;Mossford;Hydro;Hydro;18.7;1957;Scotland;
SSE;Mucomir;Hydro;Hydro;1.9;1962;Scotland;
SSE;Mullardoch Tunnel;Hydro;Hydro;2.4;1955;Scotland;
SSE;Nant;Hydro;Hydro;15;1963;Scotland;
SSE;Nostie Bridge (plus Comp Set);Hydro;Hydro;1.3;1950;Scotland;
SSE;Orrin;Hydro;Hydro;18;1959;Scotland;
SSE;Orrin Dam;Hydro;Hydro;0.3;2002;Scotland;
SSE;Pitlochry;Hydro;Hydro;15;1950;Scotland;
SSE;Pitlochry Comp Set;Hydro;Hydro;0.1;1950;Scotland;
SSE;Quoich;Hydro;Hydro;18.1;1955;Scotland;
SSE;Quoich Dam;Hydro;Hydro;0.3;1955;Scotland;
SSE;Rannoch;Hydro;Hydro;45;1930;Scotland;
SSE;River Cuileig;Hydro;Hydro;3.3;2002;Scotland;
SSE;Shin;Hydro;Hydro;18.6;1958;Scotland;
SSE;Shin Diversion Dam;Hydro;Hydro;0.1;1958;Scotland;
SSE;Sloy;Hydro;Hydro;152.5;1950;Scotland;
SSE;Sron Mor;Hydro;Hydro;5;1957;Scotland;
SSE;St Fillans;Hydro;Hydro;16.8;1957;Scotland;
SSE;Storr Lochs;Hydro;Hydro;2.4;1952;Scotland;
SSE;Striven;Hydro;Hydro;8;1951;Scotland;
SSE;Stronuich;Hydro;Hydro;0.2;1957;Scotland;
SSE;Tobermory;Hydro;Hydro;0.3;1953;Scotland;
SSE;Torr Achilty;Hydro;Hydro;15;1954;Scotland;
SSE;Tralaig;Hydro;Hydro;0.1;1956;Scotland;
SSE;Trinafour;Hydro;Hydro;0.6;1959;Scotland;
SSE;Tummel;Hydro;Hydro;34;1933;Scotland;
SSE;Vaich;Hydro;Hydro;0.3;1956;Scotland;
SSE;Foyers;Hydro / pumped storage;Hydro / pumped storage;300;1974;Scotland;
SSE;Burghfield;Natural gas;OCGT;50;1998;South East;
SSE;Chickerell;Natural gas;OCGT;50;1998;South West;
SSE;Chippenham;Natural gas;OCGT;10.1;2002;South West;
SSE;Keadby;Natural gas;CCGT;735;1994;Yorkshire and Humber;
SSE;Medway;Natural gas;CCGT;755;1995;South East;
SSE;Peterhead;Natural gas;CCGT;1,180.00;1980;Scotland;-3
SSE;Pilkington - Greengate *;Natural Gas;OCGT;10;1998;North West;
SSE;Edinburgh College;Solar;Solar;0.6;2013;Scotland;
SSE;SSE Arena Belfast;Solar;Solar;0.4;2017;Northern Ireland;
SSE;Barkip;Waste (anaerobic digestion);Conventional Steam;2.1;2011;Scotland;
SSE;Beatrice;Wind (offshore);Wind (offshore);273;2018;Scotland;
SSE;Greater Gabbard;Wind (offshore);Wind (offshore);504;2011;East England;
SSE;Achany Windfarm;Wind (onshore);Wind (onshore);38;2010;Scotland;
SSE;Artfield Fell;Wind (onshore);Wind (onshore);28.6;2005;Scotland;
SSE;Bessy Bell 1;Wind (onshore);Wind (onshore);5;1995;Northern Ireland;
SSE;Bessy Bell 2;Wind (onshore);Wind (onshore);9;2008;Northern Ireland;
SSE;Bhlaraidh;Wind (onshore);Wind (onshore);108;2017;Scotland;
SSE;Cathkin Braes;Wind (onshore);Wind (onshore);3;2013;Scotland;
SSE;Clyde (Central);Wind (onshore);Wind (onshore);195.9;2011;Scotland;
SSE;Clyde (North);Wind (onshore);Wind (onshore);197.7;2012;Scotland;
SSE;Clyde (South);Wind (onshore);Wind (onshore);128.8;2011;Scotland;
SSE;Drumderg;Wind (onshore);Wind (onshore);32;2008;Scotland;
SSE;Dunmaglass;Wind (onshore);Wind (onshore);94.1;2016;Scotland;
SSE;Fairburn;Wind (onshore);Wind (onshore);40;2009;Scotland;
SSE;Gordonbush;Wind (onshore);Wind (onshore);70;2011;Scotland;
SSE;Griffin;Wind (onshore);Wind (onshore);188.6;2011;Scotland;
SSE;Hadyard Hill;Wind (onshore);Wind (onshore);119.8;2005;Scotland;
SSE;Keadby;Wind (onshore);Wind (onshore);68;2013;Yorkshire and Humber;
SSE;Slieve Divena 2;Wind (onshore);Wind (onshore);18.8;2017;Northern Ireland;
SSE;Slieve Kirk;Wind (onshore);Wind (onshore);73.6;2011;Northern Ireland;
SSE;Spurness II;Wind (onshore);Wind (onshore);10;2012;Scotland;
SSE;Strathy North;Wind (onshore);Wind (onshore);66;2015;Scotland;
SSE;Stronelairg;Wind (onshore);Wind (onshore);227.7;2018;Scotland;
SSE;Tangy (including extension);Wind (onshore);Wind (onshore);18.5;2002;Scotland;
SSE;Tievenameenta;Wind (onshore);Wind (onshore);34.5;2016;Northern Ireland;
SSE;Toddleburn;Wind (onshore);Wind (onshore);27.6;2010;Scotland;
Statkraft;Rheidol Hydro Scheme Gen 1;Hydro;Hydro;13.5;1962;Wales;
Statkraft;Rheidol Hydro Scheme Gen 2;Hydro;Hydro;20.5;1962;Wales;
Statkraft;Rheidol Hydro Scheme Gen 3;Hydro;Hydro;20.5;1962;Wales;
Statkraft;Rheidol Hydro Scheme Gen 4;Hydro;Hydro;1.3;1961;Wales;
Statkraft;Rheidol Hydro Scheme Gen 5;Hydro;Hydro;0.1;1963;Wales;
Statkraft;Rheidol Hydro Scheme Gen 6;Hydro;Hydro;0.1;1963;Wales;
Statkraft;Rheidol Hydro Scheme Gen 7;Hydro;Hydro;0.1;1985;Wales;
Statkraft;Alltwalis;Wind (onshore);Wind (onshore);23;2009;Wales;
Statkraft;Andershaw;Wind (onshore);Wind (onshore);35;2017;Scotland;
Statkraft;Baillie;Wind (onshore);Wind (onshore);52.5;2013;Scotland;
Statkraft;Berry Burn;Wind (onshore);Wind (onshore);67;2014;Scotland;
Temporis Capital;Allt Fionn;Hydro;Hydro;2;2012;Scotland;
Temporis Capital;Derrydarroch;Hydro;Hydro;2;2015;Scotland;
Temporis Capital;Upper Falloch;Hydro;Hydro;0.9;2015;Scotland;
Temporis Capital;Acharin;Wind (onshore);Wind (onshore);6;2009;Scotland;
Temporis Capital;Biggleswade;Wind (onshore);Wind (onshore);20;2013;East England;
Temporis Capital;Blackcraig;Wind (onshore);Wind (onshore);52.9;2018;Scotland;
Temporis Capital;Craig;Wind (onshore);Wind (onshore);8;2007;Scotland;
Temporis Capital;Craig Extension;Wind (onshore);Wind (onshore);4.7;2017;Scotland;
Temporis Capital;Dunsland Cross;Wind (onshore);Wind (onshore);6.2;2017;South West;
Temporis Capital;Eye Airfield;Wind (onshore);Wind (onshore);6.8;2014;East England;
Temporis Capital;Greendykeside;Wind (onshore);Wind (onshore);4;2007;Scotland;
Temporis Capital;Hawton;Wind (onshore);Wind (onshore);6;2017;East Midlands;
Temporis Capital;Lochhead;Wind (onshore);Wind (onshore);6;2009;Scotland;
Temporis Capital;Muirhall;Wind (onshore);Wind (onshore);12.3;2010;Scotland;
Temporis Capital;North Pickenham AirField;Wind (onshore);Wind (onshore);4;2014;East England;
Temporis Capital;Ransonmoor;Wind (onshore);Wind (onshore);10;2007;East England;
Temporis Capital;Upper Holton Airfield;Wind (onshore);Wind (onshore);10;2015;East England;
Temporis Capital;Weston Airfield;Wind (onshore);Wind (onshore);4;2014;East England;
Temporis Capital;White Mill;Wind (onshore);Wind (onshore);14.4;2012;East England;
Third Energy UK Gas;Knapton;Sour gas;OCGT;42;1995;Yorkshire and Humber;
Toucan Energy Services;Astley;Solar;Solar;5;2016;West Midlands;
Toucan Energy Services;Aston House;Solar;Solar;19.8;2015;East Midlands;
Toucan Energy Services;Balcombe;Solar;Solar;5;2016;South East;
Toucan Energy Services;Bentham;Solar;Solar;11.1;2015;South West;
Toucan Energy Services;Bluegates;Solar;Solar;10.7;2015;East England;
Toucan Energy Services;Burnham Wick;Solar;Solar;5;2015;East England;
Toucan Energy Services;Canopus;Solar;Solar;5;2015;East Midlands;
Toucan Energy Services;Carrowdore;Solar;Solar;6;2017;Northern Ireland;
Toucan Energy Services;Chapel Hill;Solar;Solar;10.1;2015;Wales;
Toucan Energy Services;Cranham;Solar;Solar;3;2016;London;
Toucan Energy Services;Dunkeswell;Solar;Solar;2.8;2015;South West;
Toucan Energy Services;Eckland Lodge;Solar;Solar;3.7;2016;East Midlands;
Toucan Energy Services;Five Oaks;Solar;Solar;5;2016;South East;
Toucan Energy Services;Ford;Solar;Solar;11.6;2016;South East;
Toucan Energy Services;Garvinack;Solar;Solar;9.6;2015;South West;
Toucan Energy Services;Grange Farm;Solar;Solar;21.1;2014;South West;
Toucan Energy Services;Great Seabrook;Solar;Solar;5;2015;South East;
Toucan Energy Services;Guston;Solar;Solar;5;2015;South East;
Toucan Energy Services;Hendai;Solar;Solar;13.4;2015;Wales;
Toucan Energy Services;Hendre Fawr;Solar;Solar;11.6;2015;Wales;
Toucan Energy Services;Home Farm;Solar;Solar;5;2017;South West;
Toucan Energy Services;Hunciecroft;Solar;Solar;7.6;2015;East Midlands;
Toucan Energy Services;Isle of Wight;Solar;Solar;6.2;2015;South East;
Toucan Energy Services;Lisburn;Solar;Solar;20.5;2017;Northern Ireland;
Toucan Energy Services;Littlewood;Solar;Solar;13.7;2015;South East;
Toucan Energy Services;Malmaynes;Solar;Solar;14.8;2015;South East;
Toucan Energy Services;Mill Farm;Solar;Solar;5;2016;East Midlands;
Toucan Energy Services;Moor House;Solar;Solar;4.9;2016;North West;
Toucan Energy Services;Morton;Solar;Solar;28.1;2015;East Midlands;
Toucan Energy Services;New Stone House;Solar;Solar;11.5;2015;South East;
Toucan Energy Services;Newton;Solar;Solar;5;2016;East England;
Toucan Energy Services;Otherton;Solar;Solar;2.5;2017;West Midlands;
Toucan Energy Services;Outwood;Solar;Solar;5;2016;East England;
Toucan Energy Services;Pen y cae;Solar;Solar;5;2016;Wales;
Toucan Energy Services;Place Farm;Solar;Solar;6.8;2015;South East;
Toucan Energy Services;Rhydypandy;Solar;Solar;6.4;2015;Wales;
Toucan Energy Services;Rolls Royce;Solar;Solar;3.2;2016;South West;
Toucan Energy Services;Shuttleworth;Solar;Solar;5;2016;North West;
Toucan Energy Services;Stowbridge;Solar;Solar;24.3;2014;East England;
Toucan Energy Services;Swindon;Solar;Solar;60.9;2016;South West;
Toucan Energy Services;Tower Hayes;Solar;Solar;5;2016;East Midlands;
Toucan Energy Services;Trowle;Solar;Solar;5;2016;South West;
Toucan Energy Services;Upper Farm;Solar;Solar;10;2015;South East;
Toucan Energy Services;Upper wick;Solar;Solar;5;2015;South West;
Toucan Energy Services;Welbeck;Solar;Solar;16;2015;East Midlands;
Toucan Energy Services;Weston Longville;Solar;Solar;7.6;2015;East England;
Toucan Energy Services;Widehurst;Solar;Solar;5;2017;South East;
Toucan Energy Services;Wilbees;Solar;Solar;5;2016;South East;
Toucan Energy Services;Willersey;Solar;Solar;3.8;2014;South West;
Toucan Energy Services;Winnards;Solar;Solar;4.5;2015;South West;
Toucan Energy Services;Woodhouse;Solar;Solar;5;2017;West Midlands;
Toucan Energy Services;Wrea Green;Solar;Solar;4.9;2017;North West;
Uniper UK;Ratcliffe;Coal;Conventional Steam;2,021.00;1967;East Midlands;
Uniper UK;Grain GT;Diesel/gas oil;OCGT;56;1978;South East;
Uniper UK;Ratcliffe GT;Diesel/gas oil;OCGT;34;1967;East Midlands;
Uniper UK;Taylor's Lane GT;Diesel/gas oil;OCGT;144;1979;London;
Uniper UK;Cottam Development Centre;Natural gas;CCGT;445;1998;East Midlands;
Uniper UK;Enfield;Natural gas;CCGT;408;1999;London;
Uniper UK;Grain CHP *;Natural gas;CCGT;1,517.00;2011;South East;
Uniper UK;Killingholme;Natural gas;OCGT;600;1992;Yorkshire and Humber;
Uniper UK;Connahs Quay;Sour gas;CCGT;1,380.00;1996;Wales;
Vattenfall;PV@Pendine;Solar;Solar;4.9;2016;Wales;
Vattenfall;Aberdeen;Wind (offshore);Wind (offshore);96.8;2018;Scotland;
Vattenfall;Kentish Flats;Wind (offshore);Wind (offshore);90;2005;South East;
Vattenfall;Kentish Flats Extension;Wind (offshore);Wind (offshore);49.5;2015;South East;
Vattenfall;Ormonde;Wind (offshore);Wind (offshore);150;2011;North West;
Vattenfall;Thanet ;Wind (offshore);Wind (offshore);300;2010;South East;
Vattenfall;Clashindarroch;Wind (onshore);Wind (onshore);36.9;2015;Scotland;
Vattenfall;Edinbane;Wind (onshore);Wind (onshore);41.4;2009;Scotland;
Vattenfall;Parc Cynog;Wind (onshore);Wind (onshore);3.6;2001;Wales;
Vattenfall;Pen Y Cymoedd;Wind (onshore);Wind (onshore);228;2016;Wales;
Vattenfall;Pendine;Wind (onshore);Wind (onshore);4.8;2009;Wales;
Vattenfall;Ray;Wind (onshore);Wind (onshore);54.4;2017;North East;
Vattenfall;Swinford;Wind (onshore);Wind (onshore);22;2012;East Midlands;
Venitent Energy Services;A'Chruach;Wind (onshore);Wind (onshore);42.6;2016;Scotland;
Venitent Energy Services;Ardrossan;Wind (onshore);Wind (onshore);30;2004;Scotland;
Venitent Energy Services;Bears Down;Wind (onshore);Wind (onshore);9.6;2001;South West;
Venitent Energy Services;Beinn Ghlas;Wind (onshore);Wind (onshore);8.4;1999;Scotland;
Venitent Energy Services;Blackstone Edge;Wind (onshore);Wind (onshore);7.5;2013;Yorkshire and Humber;
Venitent Energy Services;Bryn Titli;Wind (onshore);Wind (onshore);9.9;1994;Wales;
Venitent Energy Services;Carno;Wind (onshore);Wind (onshore);33.6;1996;Wales;
Venitent Energy Services;Causeymire;Wind (onshore);Wind (onshore);48.3;2005;Scotland;
Venitent Energy Services;Dalswinton;Wind (onshore);Wind (onshore);30;2008;Scotland;
Venitent Energy Services;Farr;Wind (onshore);Wind (onshore);92;2006;Scotland;
Venitent Energy Services;Ffynnon Oer;Wind (onshore);Wind (onshore);32;2006;Wales;
Venitent Energy Services;Galawhistle;Wind (onshore);Wind (onshore);55.2;2017;Scotland;
Venitent Energy Services;Glenkerie;Wind (onshore);Wind (onshore);22;2012;Scotland;
Venitent Energy Services;Gordonstown Hill;Wind (onshore);Wind (onshore);12.5;2013;Scotland;
Venitent Energy Services;Hill of Fiddes;Wind (onshore);Wind (onshore);6.9;2010;Scotland;
Venitent Energy Services;Kirkby Moor;Wind (onshore);Wind (onshore);4.8;1993;North West;
Venitent Energy Services;Lambrigg;Wind (onshore);Wind (onshore);6.5;2000;North West;
Venitent Energy Services;Lissett Airfield;Wind (onshore);Wind (onshore);30;2009;Yorkshire and Humber;
Venitent Energy Services;Llyn Alaw;Wind (onshore);Wind (onshore);20.4;1997;Wales;
Venitent Energy Services;Low Spinney;Wind (onshore);Wind (onshore);8.2;2011;East Midlands;
Venitent Energy Services;Minsca;Wind (onshore);Wind (onshore);36.8;2008;Scotland;
Venitent Energy Services;Mynydd Clogau;Wind (onshore);Wind (onshore);14.5;2006;Wales;
Venitent Energy Services;Mynydd Gorddu;Wind (onshore);Wind (onshore);10.2;1998;Wales;
Venitent Energy Services;North Steads;Wind (onshore);Wind (onshore);18.5;2016;North East;
Venitent Energy Services;Novar;Wind (onshore);Wind (onshore);17;1997;Scotland;
Venitent Energy Services;Rheidol;Wind (onshore);Wind (onshore);2.4;1997;Wales;
Venitent Energy Services;Seamer;Wind (onshore);Wind (onshore);10.3;2012;North East;
Venitent Energy Services;Sisters;Wind (onshore);Wind (onshore);8.2;2016;North East;
Venitent Energy Services;Taff Ely;Wind (onshore);Wind (onshore);9;1993;Wales;
Venitent Energy Services;Tedder Hill;Wind (onshore);Wind (onshore);6.9;2013;Yorkshire and Humber;
Venitent Energy Services;Tow Law;Wind (onshore);Wind (onshore);2.3;2001;North East;
Venitent Energy Services;Trysglwyn;Wind (onshore);Wind (onshore);5.6;1996;Wales;
Venitent Energy Services;Westfield;Wind (onshore);Wind (onshore);10;2013;Scotland;
Venitent Energy Services;Wingates;Wind (onshore);Wind (onshore);15;2013;North East;
Veolia;SELCHP ERF *;Waste (municipal solid waste);Conventional Steam;35;1994;London;
Viridor Waste Management;Ardley EfW;Waste (municipal solid waste);Conventional Steam;26;2014;South East;
Viridor Waste Management;Bolton EfW;Waste (municipal solid waste);Conventional Steam;8;1971;North West;
Viridor Waste Management;Cardiff EfW;Waste (municipal solid waste);Conventional Steam;30;2014;Wales;
Viridor Waste Management;Exeter EfW;Waste (municipal solid waste);Conventional Steam;3.5;2014;South West;
Viridor Waste Management;Lakeside EfW;Waste (municipal solid waste);Conventional Steam;37;2010;South West;
Viridor Waste Management;Peterborough EfW;Waste (municipal solid waste);Conventional Steam;7.3;2016;East Midlands;
Viridor Waste Management;Runcorn EfW;Waste (municipal solid waste);Conventional Steam;91;2014;North West;
Vitol;VPI Immingham *;Natural gas;CCGT;1,252.00;2004;Yorkshire and Humber;
Wise Energy;Blenches Mill;Solar;Solar;6.1;2014;South West;
Wise Energy;Burcroft;Solar;Solar;12.7;2014;South West;
Wise Energy;Chilton Cantelo;Solar;Solar;5;2012;South West;
Wise Energy;Crossways;Solar;Solar;5;2012;South West;
Wise Energy;Hook Valley;Solar;Solar;15.3;2014;East England;
Wise Energy;Knockworthy Farm;Solar;Solar;4.6;2013;South West;
Wise Energy;Raglington Farm;Solar;Solar;5.7;2013;South East;
Wise Energy;Whitley (Ashcott Farm);Solar;Solar;7.6;2014;South West;
Wise Energy;Wyld Meadow Farm;Solar;Solar;4.8;2012;South West;
WPO;Airfield Poddington;Wind (onshore);Wind (onshore);8.6;2017;East England;
WPO;Airies;Wind (onshore);Wind (onshore);39.9;2017;Scotland;
WPO;Altaveedan;Wind (onshore);Wind (onshore);18;2016;Northern Ireland;
WPO;AOE;Wind (onshore);Wind (onshore);11.5;2014;Scotland;
WPO;Arnish Moor;Wind (onshore);Wind (onshore);3.9;2006;Scotland;
WPO;Bagmoor;Wind (onshore);Wind (onshore);16;2009;Yorkshire and Humber;
WPO;Betty Hill;Wind (onshore);Wind (onshore);6;2013;Scotland;
WPO;Corriegarth;Wind (onshore);Wind (onshore);69;2017;Scotland;
WPO;Daintree;Wind (onshore);Wind (onshore);4;2014;East Midlands;
WPO;Dewlay (Garstang);Wind (onshore);Wind (onshore);2;2010;North West;
WPO;East Youlstone;Wind (onshore);Wind (onshore);4;2015;South West;
WPO;Eye;Wind (onshore);Wind (onshore);5;2013;East England;
WPO;FMC Dunfermline;Wind (onshore);Wind (onshore);1.5;2012;Scotland;
WPO;Garlenick;Wind (onshore);Wind (onshore);4;2014;South West;
WPO;Greenvale March ;Wind (onshore);Wind (onshore);1.5;2014;East England;
WPO;Haverigg III;Wind (onshore);Wind (onshore);3.4;2005;North West;
WPO;Lairg;Wind (onshore);Wind (onshore);7.5;2012;Scotland;
WPO;Middle Balbeggie;Wind (onshore);Wind (onshore);4;2016;Scotland;
WPO;Middlewick;Wind (onshore);Wind (onshore);20.7;2014;East England;
WPO;Mossmorran;Wind (onshore);Wind (onshore);4.6;2016;Scotland;
WPO;Newton of Fortrie;Wind (onshore);Wind (onshore);6.9;2010;Scotland;
WPO;Oakdale;Wind (onshore);Wind (onshore);4;2014;Wales;
WPO;Port of Liverpool;Wind (onshore);Wind (onshore);10;2008;North West;
WPO;Potato Pot;Wind (onshore);Wind (onshore);7.2;2016;North West;
WPO;Scout Moor;Wind (onshore);Wind (onshore);65;2008;North West;
WPO;Solutia (Newport);Wind (onshore);Wind (onshore);5;2010;Wales;
WPO;Standford Hill;Wind (onshore);Wind (onshore);4.6;2013;South East;
WPO;Strath of Brydock;Wind (onshore);Wind (onshore);6.9;2009;Scotland;
WPO;Tir Mostyn & Foel Goch;Wind (onshore);Wind (onshore);21.3;2005;Wales;
WPO;Workington (Voridian);Wind (onshore);Wind (onshore);4;2006;North West;
WPO;Wythegill;Wind (onshore);Wind (onshore);1.5;2015;North West;
WPO;Ysgellog;Wind (onshore);Wind (onshore);4.6;2013;Wales;
XceCo;Inner Dowsing ;Wind (offshore);Wind (offshore);97.2;2008;East Midlands;
XceCo;Lynn ;Wind (offshore);Wind (offshore);97.2;2008;East Midlands;
